DATE,CA,DISTRICT,SUBCOUNTY,PARISH,VILLAGE,WILDLIFE,NATURE OF CONFLICT,ACTION TAKEN
08/04/2022,QECA,Kasese,Kyondo,Kyondo,Buyagha,Baboon,Crop damages,Assessment carried out
13/08/2022,QECA,Kasese,Kisinga,Kisinga,Kyalanga,Baboon,Crop damages,Scare shooting
15/04/2022,QECA,Kasese,Karusandara,Kyondo,Kyalanga,Baboon,Crop damages,Assessment carried out
12/02/2022,QECA,Kasese,Kyondo,Nyamwamba,Kyondo,Baboon,Crop damages,Scare shootings
21/05/2021,,Kasese,Lake Katwe,Kikorongo,Kikorongo,Black cobra,Human injury,Captured
17/11/2021,QECA,Kasese,Muhokya,Kahendero,Kahendero,Buffalo,Human injury,Taken to hospital
March 2021,,Kasese,Katunguru,Katunguru,Kalemanjojo,Buffalo,Human injury,Taken to hospital
22/01/2022,QECA,Kasese,Kisinga,Nyabirongo,Kamuhogobe,Buffalo,Human injury,Taken to hospital
06/08/2022,QECA,Kasese,Kasese Municipality,Kyababinga,Kamuliwizi,Buffalo,Human threat,Scare shooting
05/10/2022,QECA,Kasese,Nyamwamba,Kanyangeya,Kanyangeya,Buffalo,Crop damages,local methods used
April 2021,,Kasese,Lake Katwe,Kasenyi,Kasenyi,Buffalo,Human death,Assessment carried out
01/11/2021,QECA,Kasese,Lake Katwe,Kasenyi,Kasenyi,Buffalo,Masereka Eric was injured,Taken to hospital
18/11/2021,QECA,Kasese,Lake Katwe,Kasenyi,Kasenyi,Buffalo,Predation,Assessment carried out
25/01/2022,QECA,Kasese,Lake Katwe,Lake Katwe,Kasenyi,Buffalo,Human injury,Taken to hospital
February 2021,,Kasese,Central Division,Kanyangeya,Kidodo,Buffalo,Human injury,Assessment carried out
22/07/2022,QECA,Kasese,Kilembe,Kilembe,Kilembe,Buffalo,Human threat,Captured
08/06/2022,QECA,Kasese,Kilembe,Kilembe,Kyalanga,Buffalo,Crop damages,Scare shooting
01/04/2022,QECA,Kasese,Katunguru,Katunguru,Kyangabukama,Buffalo,Human injury,Assessment carried out
24/07/2022,QECA,Kasese,Katunguru,Katunguru,Kyangabukama,Buffalo,Human injury,Scare shooting
28/08/2022,QECA,Kasese,Nyamwamba,Scheme,Kyondo,Buffalo,Crop damages,camp fire
03/10/2022,QECA,Kasese,Nyamwamba,Scheme,Kyondo,Buffalo,Crop raiding,local methods used
05/09/2022,QECA,Kasese,Nyamwamba,Scheme,Kyondo,Buffalo,Crop damages,Local methods Used
28/01/2022,QECA,Kasese,Kyambogho,Kyambogho,Upper Village,Chimpanzee,Crop damages,Assessment carried out
April 2021,,Kasese,Lake Katwe,Hamukungu,Hamukungu,Crocodile,Predation,Assessment carried out
25/01/2022,QECA,Kasese,Lake Katwe,Hamukungu,Hamukungu,Crocodile,Human death,The body not found
07/05/2022,QECA,Kasese,Lake Katwe,Katwe-Kabatoro,Kakoni,Crocodile,Human injury,taken to hospital
25/02/2022,QECA,Kasese,Lake Katwe,Kyakitale,Kakoni,Crocodile,Human injury,Taken to Hospital
April 2021,,Kasese,Lake Katwe,Lake Katwe,Katwe-Kabatoro,Crocodile,Human death,Assessment carried out
25/01/2022,QECA,Kasese,Nyakiyumbu,Kayanja,Kayanja,Crocodile,Human death,Cuptured
03/12/2021,QECA,Kasese,Lake Katwe,Katunguru,Kibati,Crocodile,Human death of one Kirumira Moses,Assesment done
15/06/2021,QECA,Kasese,Katwe-Kabatoro,Top Hill,Kikorongo,Crocodile,human death,Assessment carried out
23/6/2022,QECA,Kasese,Lake Katwe,Kasenyi,Kitoro,Crocodile,Human injury,Taken to hospital
April 2021,,Kasese,Lake Katwe,Katwe-Kabatoro,Kyarukara,Crocodile,Human injury,Captured
13/01/2022,QECA,Kasese,Katwe-Kabatoro,Kyarukara,Kyarukara,Crocodile,Predation,Assessment carried out
7/7/2022,QECA,Kasese,Katwe-Kabatoro,Lake Katwe,Kyarukara,Crocodile,Property Damage,Assessment carried out
06/01/2022,QECA,Kasese,Katwe-Kabatoro,Lake Katwe,Kyarukara,Crocodile,Predation,Assessment carried out
04/10/2022,QECA,Kasese,Lake Katwe,Katwe-Kabatoro,Nyamugasani,Crocodile,human death,body missed
01/12/2021,QECA,Kasese,Central Division,Kanyangeya,Airstrip,Elephant,Crop damages,Scare Shooting
02/12/2021,QECA,Kasese,Central Division,Kanyangeya,Airstrip,Elephant,Crop damages,Scare Shooting
12/12/2021,QECA,Kasese,Central Division,Kanyangeya,Airstrip,Elephant,Crop damages,Scare Shooting
23/06/2021,QECA,Kasese,Kasese Municipality,Railway Ward,Airstrip,Elephant,Crop raiding,Scaring using local methods of drumming
24/06/2021,QECA,Kasese,Kasese Municipality,Railway Ward,Airstrip,Elephant,Crop raiding,Scare shooting
26/06/2021,QECA,Kasese,Kasese Municipality,Railway Ward,Airstrip,Elephant,Crop raiding,Scare shooting
28/06/2021,QECA,Kasese,Kasese Municipality,Railway Ward,Airstrip,Elephant,Crop raiding,Scare shooting
29/06/2021,QECA,Kasese,Kasese Municipality,Railway Ward,Airstrip,Elephant,Crop raiding,Scare shooting
July 2021,,Kasese,Kasese Municipality,Railway Ward,Airstrip,Elephant,Crop raiding,Scare shooting
July 2021,,Kasese,Kasese Municipality,Railway Ward,Airstrip,Elephant,Crop raiding,Scare shooting
July 2021,,Kasese,Kasese Municipality,Railway Ward,Airstrip,Elephant,Crop raiding,Scare shooting
17/06/2021,QECA,Kasese,Kasese Municipality,Railway Ward,Airstrip,Elephant,Crop raiding,Scare shooting
22/06/2021,QECA,Kasese,Kasese Municipality,Railway Ward,Airstrip,Elephant,Crop raiding,Scare shooting
July 2021,,Kasese,Kasese Municipality,Railway Ward,Airstrip,Elephant,Crop raiding,Scare shooting
July 2021,,Kasese,Kasese Municipality,Railway Ward,Airstrip,Elephant,Crop raiding,Scare shooting
July 2021,,Kasese,Kasese Municipality,Railway Ward,Airstrip,Elephant,Crop raiding,Scaring using local methods of drumming
July 2021,,Kasese,Kasese Municipality,Railway Ward,Airstrip,Elephant,Crop raiding,Scare shooting
July 2021,,Kasese,Kasese Municipality,Railway Ward,Airstrip,Elephant,Crop raiding,Scare shooting
July 2021,,Kasese,Kasese Municipality,Railway Ward,Airstrip,Elephant,Crop raiding,Scare shooting
19/10/2021,QECA,Kasese,Kasese Municipality,Railway Ward,Airstrip,Elephant,gate chain of kasese air strip and gate wall of Stardard High School damaged,Assessment carried out by
22/10/2021,QECA,Kasese,Kasese Municipality,Railway Ward,Airstrip,Elephant,Crop raiding,Scare shooting
16/05/2022,QECA,Kasese,Kasese Municipality,Railway Ward,Airstrip,Elephant,Crop raiding,Scare shooting
18/05/2022,QECA,Kasese,Kasese Municipality,Railway Ward,Airstrip,Elephant,Crop raiding,scare shooting
20/05/2022,QECA,Kasese,Kasese Municipality,Railway Ward,Airstrip,Elephant,Crop raiding,scare shooting
22/05/2022,QECA,Kasese,Kasese Municipality,Railway Ward,Airstrip,Elephant,Crop raiding,scare shooting
20/10/2022,QECA,Kasese,Kasese Municipality,Railway Ward,Airstrip,Elephant,Crop raiding,scare shooting
21/10/2022,QECA,Kasese,Kasese Municipality,Railway Ward,Airstrip,Elephant,Crop raiding,scare shooting
13/12/2021,QECA,Kasese,Central Division,Kanyangeya,Airstrip,Elephant,Crop damages,Scare Shooting
09/12/2022,QECA,Kasese,Nyamwamba,Kanyangeya,Airstrip,Elephant,Crop damages,scare shooting
13/12/2022,QECA,Kasese,Nyamwamba,Kanyangeya,Airstrip,Elephant,Crop damages,scare shooting
6/6/2022,QECA,Kasese,Nyamwamba,Airstrip,Airstrip,Elephant,Crop damages,Scare shooting
16/06/2022,QECA,Kasese,Nyamwamba,Kanyangeya,Airstrip,Elephant,Crop damages,Scare shooting
14/07/2022,QECA,Kasese,Nyamwamba,Kanyangeya,Airstrip,Elephant,Crop damages,Scare shooting
4/7/2022,QECA,Kasese,Nyamwamba,Rukoki,Airstrip,Elephant,Crop damages,Scare shooting
5/7/2022,QECA,Kasese,Nyamwamba,Rukoki,Airstrip,Elephant,Crop damages,Scare shooting
18/11/2021,QECA,Kasese,Majengo,Majengo,Airstrip,Elephant,Crop damages,Scare shooting
24/11/2021,QECA,Kasese,Nyamwamba,Nyakasanga,Airstrip,Elephant,Crop damages,Scare shooting
11/08/2022,QECA,Kasese,Nyamwamba,Nyakasanga,Airstrip,Elephant,Crop damages,Scare shooting
January 2021,,Kasese,Nyakiyumbu,Rwehingo,Bugema,Elephant,Crop damages,Scare shooting
01/12/2021,QECA,Kasese,Nyakiyumbu,Rwehingo,Bugema,Elephant,Crop damages,Scare Shooting
03/12/2021,QECA,Kasese,Nyakiyumbu,Rwehingo,Bugema,Elephant,Crop damages,Scare Shooting
04/12/2021,QECA,Kasese,Nyakiyumbu,Rwehingo,Bugema,Elephant,Crop damages,Scaring byDruming
11/12/2021,QECA,Kasese,Nyakiyumbu,Rwehingo,Bugema,Elephant,Crop damages,Scare Shooting
14/06/2021,QECA,Kasese,Kahokya,Nyamwamba,Bujumbura,Elephant,Crop raiding,Assessment carried out
03/10/2021,QECA,Kasese,Nyakatonzi,Bukangara,Bukangara,Elephant,Crop raiding,Scare shooting
07/12/2022,QECA,Kasese,Kabirizi,Busunga,Busunga,Elephant,Crop damages,Local methods used
03/05/2021,,Kasese,Lake Katwe,Busunga,Busunga,Elephant,Crop damages,scare shooting
13/05/2021,,Kasese,Lake Katwe,Busunga,Busunga,Elephant,Crop damages,scare shooting
25/09/2022,QECA,Kasese,Lake Katwe,Busunga,Busunga,Elephant,Crop damages,Local methods Used
April 2021,,Kasese,Lake Katwe,Busunga,Busunga,Elephant,Crop damages,scare shooting
April 2021,,Kasese,Lake Katwe,Busunga,Busunga,Elephant,Crop damages,scare shooting
April 2021,,Kasese,Lake Katwe,Busunga,Busunga,Elephant,Crop damages,scare shooting
April 2021,,Kasese,Lake Katwe,Busunga,Busunga,Elephant,Crop damages,scare shooting
April 2021,,Kasese,Lake Katwe,Busunga,Busunga,Elephant,Crop damages,scare shooting
09/09/2022,QECA,Kasese,Lake Katwe,Busunga,Busunga,Elephant,Crop damages,Local methods Used
10/09/2022,QECA,Kasese,Lake Katwe,Busunga,Busunga,Elephant,Crop damages,Local methods Used
11/09/2022,QECA,Kasese,Lake Katwe,Busunga,Busunga,Elephant,Crop damages,Local methods Used
12/09/2022,QECA,Kasese,Lake Katwe,Busunga,Busunga,Elephant,Crop damages,scare shooting
14/09/2022,QECA,Kasese,Lake Katwe,Busunga,Busunga,Elephant,Crop damages,scare shooting
26/08/2021,QECA,Kasese,Lake Katwe,Busunga,Busunga,Elephant,Human injury,taken to hospital
05/09/2021,QECA,Kasese,Lake Katwe,Busunga,Busunga,Elephant,Crop raiding,scare shooting
13/09/2021,QECA,Kasese,Lake Katwe,Busunga,Busunga,Elephant,Crop raiding,Scare shooting
14/09/2021,QECA,Kasese,Lake Katwe,Busunga,Busunga,Elephant,Crop raiding,Scare shooting
20/10/2022,QECA,Kasese,Lake Katwe,Busunga,Busunga,Elephant,Crop raiding,scare shooting
14/08/2021,QECA,Kasese,Katwe-Kabatoro,Kabirizi,Busunga,Elephant,Crop raiding,scare shooting
April 2021,,Kasese,Lake Katwe,Kabirizi,Busunga,Elephant,Crop damages,scare shooting
April 2021,,Kasese,Lake Katwe,Kabirizi,Busunga,Elephant,Crop damages,scare shooting
April 2021,,Kasese,Lake Katwe,Kabirizi,Busunga,Elephant,Crop damages,scare shooting
April 2021,,Kasese,Lake Katwe,Kabirizi,Busunga,Elephant,Crop damages,scare shooting
01/08/2021,QECA,Kasese,Lake Katwe,Kabirizi,Busunga,Elephant,Crop raiding,Scare shooting
07/08/2021,QECA,Kasese,Lake Katwe,Kabirizi,Busunga,Elephant,Crop raiding,Scaring using local methods of drumming
08/08/2021,QECA,Kasese,Lake Katwe,Kabirizi,Busunga,Elephant,Crop raiding,Scaring using local methods of drumming
10/08/2021,QECA,Kasese,Lake Katwe,Kabirizi,Busunga,Elephant,Crop raiding,Scare shooting
11/08/2021,QECA,Kasese,Lake Katwe,Kabirizi,Busunga,Elephant,Crop raiding,Scaring using local methods of drumming
12/08/2021,QECA,Kasese,Lake Katwe,Kabirizi,Busunga,Elephant,Crop raiding,Scare shooting
13/08/2021,QECA,Kasese,Lake Katwe,Kabirizi,Busunga,Elephant,Crop raiding,scare shooting
17/08/2021,QECA,Kasese,Lake Katwe,Kabirizi,Busunga,Elephant,Crop raiding,scare shooting
20/08/2021,QECA,Kasese,Lake Katwe,Kabirizi,Busunga,Elephant,Crop raiding,Scare shooting
21/08/2021,QECA,Kasese,Lake Katwe,Kabirizi,Busunga,Elephant,Crop raiding,Scaring using local methods of drumming
22/08/2021,QECA,Kasese,Lake Katwe,Kabirizi,Busunga,Elephant,Crop raiding,Scare shooting
24/08/2021,QECA,Kasese,Lake Katwe,Kabirizi,Busunga,Elephant,Crop raiding,scare shooting
25/08/2021,QECA,Kasese,Lake Katwe,Kabirizi,Busunga,Elephant,Crop raiding,scare shooting
03/09/2021,QECA,Kasese,Lake Katwe,Kabirizi,Busunga,Elephant,Crop raiding,Scare shooting
07/09/2021,QECA,Kasese,Lake Katwe,Kabirizi,Busunga,Elephant,Crop raiding,Scare shooting
12/09/2021,QECA,Kasese,Lake Katwe,Kabirizi,Busunga,Elephant,Crop raiding,Scare shooting
20/09/2021,QECA,Kasese,Lake Katwe,Kabirizi,Busunga,Elephant,Crop raiding,Scare shooting
22/09/2021,QECA,Kasese,Lake Katwe,Kabirizi,Busunga,Elephant,Crop raiding,Scare shooting
30/09/2021,QECA,Kasese,Lake Katwe,Kabirizi,Busunga,Elephant,Crop raiding,Scare shooting
01/10/2021,QECA,Kasese,Lake Katwe,Kabirizi,Busunga,Elephant,Crop raiding,Scare shooting
03/10/2021,QECA,Kasese,Lake Katwe,Kabirizi,Busunga,Elephant,Crop raiding,Scare shooting
05/10/2021,QECA,Kasese,Lake Katwe,Kabirizi,Busunga,Elephant,Crop raiding,Scare shooting
14/10/2021,QECA,Kasese,Lake Katwe,Kabirizi,Busunga,Elephant,Crop raiding,Scare shooting
01/11/2022,QECA,Kasese,Lake Katwe,Kabirizi,Busunga,Elephant,Crop damages,scare Shooting
03/11/2022,QECA,Kasese,Lake Katwe,Kabirizi,Busunga,Elephant,Crop damages,scare Shooting
04/11/2022,QECA,Kasese,Lake Katwe,Kabirizi,Busunga,Elephant,Crop damages,scare Shooting
06/11/2022,QECA,Kasese,Lake Katwe,Kabirizi,Busunga,Elephant,Crop damages,scare Shooting
07/11/2022,QECA,Kasese,Lake Katwe,Kabirizi,Busunga,Elephant,Crop damages,scare Shooting
09/11/2022,QECA,Kasese,Lake Katwe,Kabirizi,Busunga,Elephant,Crop damages,scare Shooting
15/11/2022,QECA,Kasese,Lake Katwe,Kabirizi,Busunga,Elephant,Crop damages,Local methods used
17/11/2022,QECA,Kasese,Lake Katwe,Kabirizi,Busunga,Elephant,Crop damages,scare Shooting
27/11/2022,QECA,Kasese,Lake Katwe,Kabirizi,Busunga,Elephant,Crop damages,scare Shooting
29/11/2022,QECA,Kasese,Lake Katwe,Kabirizi,Busunga,Elephant,Crop damages,scare Shooting
04/12/2022,QECA,Kasese,Lake Katwe,Kabirizi,Busunga,Elephant,Crop damages,Local methods used
06/12/2022,QECA,Kasese,Lake Katwe,Kabirizi,Busunga,Elephant,Crop damages,scare shooting
09/12/2022,QECA,Kasese,Lake Katwe,Kabirizi,Busunga,Elephant,Crop damages,scare shooting
13/12/2022,QECA,Kasese,Lake Katwe,Kabirizi,Busunga,Elephant,Crop damages,scare shooting
14/12/2022,QECA,Kasese,Lake Katwe,Kabirizi,Busunga,Elephant,Crop damages,local methods
15/12/2022,QECA,Kasese,Lake Katwe,Kabirizi,Busunga,Elephant,Crop damages,Assessment carried out
17/12/2022,QECA,Kasese,Lake Katwe,Kabirizi,Busunga,Elephant,Crop damages,local methods
21/12/2022,QECA,Kasese,Lake Katwe,Kabirizi,Busunga,Elephant,Crop damages,Local methods used
24/12/2022,QECA,Kasese,Lake Katwe,Kabirizi,Busunga,Elephant,Crop damages,scare shooting
30/12/2022,QECA,Kasese,Lake Katwe,Kabirizi,Busunga,Elephant,Crop damages,Local methods used
July 2021,,Kasese,Nyakiyumbu,Kayanja,Busunga,Elephant,Crop raiding,Scare shooting
July 2021,,Kasese,Nyakiyumbu,Kayanja,Busunga,Elephant,Crop raiding,Scare shooting
31/03/2022,QECA,Kasese,Nyakiyumbu,Kayanja,Busunga,Elephant,Crop raiding,scare shooting
21/09/2021,QECA,Kasese,Lake Katwe,Kazinga,Busunga,Elephant,Crop raiding,Scare shooting
18/10/2021,QECA,Kasese,Lake Katwe,Kazinga,Busunga,Elephant,Crop raiding,Scare shooting
April 2021,,Kasese,Nyakatonzi,Nyakatonzi,Busunga,Elephant,Crop damages,scare shooting
July 2021,,Kasese,Nyakiyumbu,Nyakatonzi,Busunga,Elephant,Crop raiding,Scaring using local methods of drumming
21/01/2022,QECA,Kasese,Nyakatonzi,Muruti,Bwanika,Elephant,Crop damages,Scareshooting
July 2021,,Kasese,Nyakiyumbu,Nyakatonzi,Bwanika,Elephant,Crop raiding,Scare shooting
July 2021,,Kasese,Nyakiyumbu,Nyakatonzi,Bwanika,Elephant,Crop raiding,Scare shooting
July 2021,,Kasese,Nyakiyumbu,Nyakatonzi,Bwanika,Elephant,Crop raiding,Scare shooting
19/12/2021,QECA,Kasese,Nyakatonzi,Kamuruli,Bwanika and Kigando,Elephant,Crop damages,Scare Shooting
20/12/2021,QECA,Kasese,Nyakatonzi,Kamuruli,Bwanika and Kigando,Elephant,Crop damages,Scare Shooting
12/12/2021,QECA,Kasese,Nyakatonzi,Kamuruli,Bwanika and Kipanga,Elephant,Crop damages,Scare Shooting
13/12/2021,QECA,Kasese,Nyakatonzi,Kamuruli,Bwanika and Kipanga,Elephant,Crop damages,Scare Shooting
18/12/2021,QECA,Kasese,Nyakatonzi,Kamuruli,Bwanika and Kipanga,Elephant,Crop damages,Scare Shooting
21/12/2021,QECA,Kasese,Nyakatonzi,Kamuruli,"Bwanika, Kigando and Kipanga",Elephant,Crop damages,Scare Shooting
23/12/2021,QECA,Kasese,Nyakatonzi,Kamuruli,"Bwanika, Kigando and Kipanga",Elephant,Crop damages,Scare Shooting
28/12/2021,QECA,Kasese,Nyakatonzi,Kamuruli,"Bwanika, Kigando and Kipanga",Elephant,Crop damages,Scare Shooting
29/12/2021,QECA,Kasese,Nyakatonzi,Kamuruli,"Bwanika, Kigando and Kipanga",Elephant,Crop damages,Scare Shooting
31/12/2021,QECA,Kasese,Nyakatonzi,Kamuruli,"Bwanika, Kigando and Kipanga",Elephant,Crop damages,Scare Shooting
17/09/2022,QECA,Kasese,Lake Katwe,Hamukungu,Hamukungu,Elephant,Human death,Postmoterm was done.
18/09/2022,QECA,Kasese,Lake Katwe,Hamukungu,Hamukungu,Elephant,Human threat,scare shooting
20/09/2022,QECA,Kasese,Lake Katwe,Hamukungu,Hamukungu,Elephant,Human threat,scare shooting
01/10/2021,QECA,Kasese,Lake Katwe,Kahokya,Hamukungu,Elephant,human attack,Scare shooting
03/11/2022,QECA,Kasese,Lake Katwe,Hamukungu,Hamukungu,Elephant,Crop damages,Assesment carried out
27/06/2021,QECA,Kasese,Kahokya,Kahendero,Hamukungu,Elephant,Crop raiding,Scaring using local methods of drumming
20/03/2022,QECA,Kasese,Lake Katwe,Hamukungu,Hamukungu,Elephant,Crop raiding,Scare shooting
23/03/2022,QECA,Kasese,Lake Katwe,Hamukungu,Hamukungu,Elephant,Crop raiding,scare shooting
24/03/2022,QECA,Kasese,Lake Katwe,Hamukungu,Hamukungu,Elephant,Crop raiding,Scaring using local methods of drumming
04/10/2022,QECA,Kasese,Muhokya,Hamukungu,Hamukungu,Elephant,Property damage,Assessment carried out
25/04/2022,QECA,Kasese,Isango,Hamukungu,Hamukungu,Elephant,Crop damages,Assessment carried out
29/04/2022,QECA,Kasese,Nyakatonzi,Kempara,Isango,Elephant,Crop damages,Local methods Used
16/12/2021,QECA,Kasese,Nyakiyumbu,Kitaturwa,Isango,Elephant,Crop damages,Scare Shooting
26/11/2021,QECA,Kasese,Nyamugasani,Nyakatonzi,Isango,Elephant,Crop damages,Scare shooting
25/06/2021,QECA,Kasese,Karusandara,Kanamba,Kabaka,Elephant,Crop raiding,Scare shooting
20/02/2022,QECA,Kasese,Central Division,Karusandara,Kabaka,Elephant,Human death,Taken to Hospital
12/11/2022,QECA,Kasese,Karusandara,Karusandara,Kabaka,Elephant,Crop damages,scare Shooting
14/11/2022,QECA,Kasese,Karusandara,Karusandara,Kabaka,Elephant,Crop damages,scare Shooting
20/06/2021,QECA,Kasese,Karusandara,Kyalanga,Kabaka,Elephant,Crop raiding,Scare shooting
17/10/2021,QECA,Kasese,Karusandara,Kyalanga,Kabaka,Elephant,Crop raiding,Scare shooting
28/10/2021,QECA,Kasese,Karusandara,Kyalanga,Kabaka,Elephant,Crop raiding,Scaring using local methods of drumming
03/03/2022,QECA,Kasese,Karusandara,Kyalanga,Kabaka,Elephant,Crop raiding,scare shooting
06/03/2022,QECA,Kasese,Karusandara,Kyalanga,Kabaka,Elephant,Crop raiding,Scare shooting
08/03/2022,QECA,Kasese,Karusandara,Kyalanga,Kabaka,Elephant,Crop raiding,scare shooting
09/03/2022,QECA,Kasese,Karusandara,Kyalanga,Kabaka,Elephant,Crop raiding,scare shooting
09/03/2022,QECA,Kasese,Karusandara,Kyalanga,Kabaka,Elephant,Crop raiding,Scare shooting
11/03/2022,QECA,Kasese,Karusandara,Kyalanga,Kabaka,Elephant,Crop raiding,scare shooting
16/03/2022,QECA,Kasese,Karusandara,Kyalanga,Kabaka,Elephant,Crop raiding,Scare shooting
18/03/2022,QECA,Kasese,Karusandara,Kyalanga,Kabaka,Elephant,Crop raiding,Scaring using local methods of drumming
January 2021,,Kasese,Karusandara,Kyondo,Kabaka,Elephant,Crop damages,Assessment carried out
January 2021,,Kasese,Karusandara,Kyondo,Kabaka,Elephant,Crop damages,Scare shooting
03/05/2021,,Kasese,Karusandara,Kyondo,Kabaka,Elephant,Crop damages,Assessment carried out
02/12/2021,QECA,Kasese,Karusandara,Kyondo,Kabaka,Elephant,Crop damages,Assesment done
04/12/2021,QECA,Kasese,Karusandara,Kyondo,Kabaka,Elephant,Crop damages,Scare Shooting
06/12/2021,QECA,Kasese,Karusandara,Kyondo,Kabaka,Elephant,Crop damages,Assesment done
08/12/2021,QECA,Kasese,Karusandara,Kyondo,Kabaka,Elephant,Crop damages,Assesment done
21/12/2021,QECA,Kasese,Karusandara,Kyondo,Kabaka,Elephant,Crop damages,Scare Shooting
09/04/2022,QECA,Kasese,Karusandara,Kyondo,Kabaka,Elephant,Crop damages,Local methods Used
22/05/2022,QECA,Kasese,Karusandara,Kyondo,Kabaka,Elephant,Crop raiding,scare shooting
27/02/2022,QECA,Kasese,Kyondo,Kyondo,Kabaka,Elephant,Crop damages,Scare shootings
8/7/2022,QECA,Kasese,Karusandara,Kyondo,Kabaka,Elephant,Crop damages,Scare shooting
03/12/2021,QECA,Kasese,Karusandara,Kyondo,Kabaka and Kanamba,Elephant,Crop damages,Assesment done
February 2021,,Kasese,Karusandara,Kyondo,Kabaka/Mubuku,Elephant,Crop damages,Assessment carried out
February 2021,,Kasese,Karusandara,Kyondo,Kabaka/Mubuku,Elephant,Crop damages,Assessment carried out
February 2021,,Kasese,Karusandara,Kyondo,Kabaka/Mubuku,Elephant,Crop damages,Assessment carried out
29/07/2022,QECA,Kasese,Katwe-Kabatoro,Mweya,Katwe-Kabatoro,Elephant,Property Damage,Scare shooting
26/05/2022,QECA,Kasese,Busunga,Busunga,Kabirizi,Elephant,Crop raiding,Sscare shootng
02/05/2021,,Kasese,Lake Katwe,Busunga,Kabirizi,Elephant,Crop damages,scare shooting
05/05/2021,,Kasese,Lake Katwe,Busunga,Kabirizi,Elephant,Crop damages,scare shooting
10/05/2021,,Kasese,Lake Katwe,Busunga,Kabirizi,Elephant,Crop damages,scare shooting
11/05/2021,,Kasese,Lake Katwe,Busunga,Kabirizi,Elephant,Crop damages,scare shooting
15/05/2021,,Kasese,Lake Katwe,Busunga,Kabirizi,Elephant,Crop damages,scare shooting
21/05/2021,,Kasese,Lake Katwe,Busunga,Kabirizi,Elephant,Crop damages,scare shooting
23/05/2021,,Kasese,Lake Katwe,Busunga,Kabirizi,Elephant,Crop damages,scare shooting
27/05/2021,,Kasese,Lake Katwe,Busunga,Kabirizi,Elephant,Crop damages,scare shooting
30/05/2021,,Kasese,Lake Katwe,Busunga,Kabirizi,Elephant,Crop damages,scare shooting
January 2021,,Kasese,Lake Katwe,Busunga,Kabirizi,Elephant,Crop damages,Scare shooting
January 2021,,Kasese,Lake Katwe,Busunga,Kabirizi,Elephant,Crop damages,Scare shooting
January 2021,,Kasese,Lake Katwe,Busunga,Kabirizi,Elephant,Crop damages,Scare shooting
January 2021,,Kasese,Lake Katwe,Busunga,Kabirizi,Elephant,Crop damages,Scare shooting
January 2021,,Kasese,Lake Katwe,Busunga,Kabirizi,Elephant,Crop damages,Scare shooting
January 2021,,Kasese,Lake Katwe,Busunga,Kabirizi,Elephant,Crop damages,Scare shooting
January 2021,,Kasese,Lake Katwe,Busunga,Kabirizi,Elephant,Crop damages,Scare shooting
January 2021,,Kasese,Lake Katwe,Busunga,Kabirizi,Elephant,Crop damages,Scare shooting
January 2021,,Kasese,Lake Katwe,Busunga,Kabirizi,Elephant,Crop damages,Scare shooting
January 2021,,Kasese,Lake Katwe,Busunga,Kabirizi,Elephant,Crop damages,Scare shooting
January 2021,,Kasese,Lake Katwe,Busunga,Kabirizi,Elephant,Crop damages,Scare shooting
January 2021,,Kasese,Lake Katwe,Busunga,Kabirizi,Elephant,Crop damages,Scare shooting
January 2021,,Kasese,Lake Katwe,Busunga,Kabirizi,Elephant,Crop damages,Scare shooting
January 2021,,Kasese,Lake Katwe,Busunga,Kabirizi,Elephant,Crop damages,Scare shooting
February 2021,,Kasese,Lake Katwe,Busunga,Kabirizi,Elephant,Crop damages,Scaring using local methods of drumming
February 2021,,Kasese,Lake Katwe,Busunga,Kabirizi,Elephant,Crop damages,Scaring using local methods of drumming
February 2021,,Kasese,Lake Katwe,Busunga,Kabirizi,Elephant,Crop damages,Scare shooting
April 2021,,Kasese,Lake Katwe,Busunga,Kabirizi,Elephant,Crop damages,scare shooting
April 2021,,Kasese,Lake Katwe,Busunga,Kabirizi,Elephant,Crop damages,scare shooting
April 2021,,Kasese,Lake Katwe,Busunga,Kabirizi,Elephant,Crop damages,scare shooting
April 2021,,Kasese,Lake Katwe,Busunga,Kabirizi,Elephant,Crop damages,scare shooting
24/12/2021,QECA,Kasese,Lake Katwe,Busunga,Kabirizi,Elephant,Human injuryof Isimba Joshua,Assesment done
01/04/2022,QECA,Kasese,Lake Katwe,Busunga,Kabirizi,Elephant,Crop damages,Scares shooting
12/04/2022,QECA,Kasese,Lake Katwe,Busunga,Kabirizi,Elephant,Crop damages,Scares shooting
16/04/2022,QECA,Kasese,Lake Katwe,Busunga,Kabirizi,Elephant,Crop damages,Scare shooting
17/04/2022,QECA,Kasese,Lake Katwe,Busunga,Kabirizi,Elephant,Crop damages,Scare shooting
20/04/2022,QECA,Kasese,Lake Katwe,Busunga,Kabirizi,Elephant,Crop damages,Scare shooting
23/04/2022,QECA,Kasese,Lake Katwe,Busunga,Kabirizi,Elephant,Crop damages,Scare  shooting
28/04/2022,QECA,Kasese,Lake Katwe,Busunga,Kabirizi,Elephant,Crop damages,Scare shooting
02/06/2022,QECA,Kasese,Lake Katwe,Busunga,Kabirizi,Elephant,Crop damages,Scare shooting
03/06/2022,QECA,Kasese,Lake Katwe,Busunga,Kabirizi,Elephant,Crop damages,Scare shooting
03/06/2022,QECA,Kasese,Lake Katwe,Busunga,Kabirizi,Elephant,Crop damages,Assessment carried out
05/06/2022,QECA,Kasese,Lake Katwe,Busunga,Kabirizi,Elephant,Crop damages,Scare shooting
6/6/2022,QECA,Kasese,Lake Katwe,Busunga,Kabirizi,Elephant,Crop damages,Scare shooting
07/06/2022,QECA,Kasese,Lake Katwe,Busunga,Kabirizi,Elephant,Crop damages,Scare shooting
08/06/2022,QECA,Kasese,Lake Katwe,Busunga,Kabirizi,Elephant,Crop damages,Scare shooting
09/06/2022,QECA,Kasese,Lake Katwe,Busunga,Kabirizi,Elephant,Crop damages,Scare shooting
11/06/2022,QECA,Kasese,Lake Katwe,Busunga,Kabirizi,Elephant,Crop damages,Scare shooting
13/06/2022,QECA,Kasese,Lake Katwe,Busunga,Kabirizi,Elephant,Crop damages,Scare shooting
14/06/2022,QECA,Kasese,Lake Katwe,Busunga,Kabirizi,Elephant,Crop damages,Scare shooting
14/06/2022,QECA,Kasese,Lake Katwe,Busunga,Kabirizi,Elephant,Crop damages,Scare shooting
21/06/2022,QECA,Kasese,Lake Katwe,Busunga,Kabirizi,Elephant,Crop damages,Scare shooting
22/06/2022,QECA,Kasese,Lake Katwe,Busunga,Kabirizi,Elephant,Crop damages,Scare shooting
23/6/2022,QECA,Kasese,Lake Katwe,Busunga,Kabirizi,Elephant,Crop damages,Scare shooting
25/6/2022,QECA,Kasese,Lake Katwe,Busunga,Kabirizi,Elephant,Crop damages,Scare shooting
26/6/2022,QECA,Kasese,Lake Katwe,Busunga,Kabirizi,Elephant,Crop damages,Scare shooting
28/6/2022,QECA,Kasese,Lake Katwe,Busunga,Kabirizi,Elephant,Crop damages,Scare shooting
29/6/2022,QECA,Kasese,Lake Katwe,Busunga,Kabirizi,Elephant,Crop damages,Scare shooting
30/6/2022,QECA,Kasese,Lake Katwe,Busunga,Kabirizi,Elephant,Crop damages,Scare shooting
1/7/2022,QECA,Kasese,Lake Katwe,Busunga,Kabirizi,Elephant,Crop damages,Scaring using local methods of drumming
10/07/2022,QECA,Kasese,Lake Katwe,Busunga,Kabirizi,Elephant,Crop damages,Assessment carried out
11/07/2022,QECA,Kasese,Lake Katwe,Busunga,Kabirizi,Elephant,Crop damages,Scare shooting
15/07/2022,QECA,Kasese,Lake Katwe,Busunga,Kabirizi,Elephant,Crop damages,Scare shooting
20/07/2022,QECA,Kasese,Lake Katwe,Busunga,Kabirizi,Elephant,Crop damages,Scare shooting
21/07/2022,QECA,Kasese,Lake Katwe,Busunga,Kabirizi,Elephant,Crop damages,Scare shooting
22/07/2022,QECA,Kasese,Lake Katwe,Busunga,Kabirizi,Elephant,Crop damages,Scare shooting
24/07/2022,QECA,Kasese,Lake Katwe,Busunga,Kabirizi,Elephant,Crop damages,Scare shooting
26/07/2022,QECA,Kasese,Lake Katwe,Busunga,Kabirizi,Elephant,Crop damages,Scare shooting
27/07/2022,QECA,Kasese,Lake Katwe,Busunga,Kabirizi,Elephant,Crop damages,Scare shooting
30/07/2022,QECA,Kasese,Lake Katwe,Busunga,Kabirizi,Elephant,Crop damages,Scare shooting
31/07/2022,QECA,Kasese,Lake Katwe,Busunga,Kabirizi,Elephant,Crop damages,Scare shooting
01/08/2022,QECA,Kasese,Lake Katwe,Busunga,Kabirizi,Elephant,Crop damages,Scare shooting
02/08/2022,QECA,Kasese,Lake Katwe,Busunga,Kabirizi,Elephant,Crop damages,Scare shooting
03/08/2022,QECA,Kasese,Lake Katwe,Busunga,Kabirizi,Elephant,Crop damages,Scare shooting
04/08/2022,QECA,Kasese,Lake Katwe,Busunga,Kabirizi,Elephant,Crop damages,Scare shooting
05/08/2022,QECA,Kasese,Lake Katwe,Busunga,Kabirizi,Elephant,Crop damages,Scare shooting
07/08/2022,QECA,Kasese,Lake Katwe,Busunga,Kabirizi,Elephant,Crop damages,Scare shooting
11/08/2022,QECA,Kasese,Lake Katwe,Busunga,Kabirizi,Elephant,Crop damages,Scare shooting
12/08/2022,QECA,Kasese,Lake Katwe,Busunga,Kabirizi,Elephant,Crop damages,Scare shooting
21/08/2022,QECA,Kasese,Lake Katwe,Busunga,Kabirizi,Elephant,Crop damages,Scare shooting
22/07/2022,QECA,Kasese,Lake Katwe,Busunga,Kabirizi,Elephant,Crop damages,Scare shooting
23/08/2022,QECA,Kasese,Lake Katwe,Busunga,Kabirizi,Elephant,Crop damages,Scare shooting
23/07/2022,QECA,Kasese,Lake Katwe,Busunga,Kabirizi,Elephant,Crop damages,Assessment carried out
24/07/2022,QECA,Kasese,Lake Katwe,Busunga,Kabirizi,Elephant,Crop damages,Scare shooting
26/08/2022,QECA,Kasese,Lake Katwe,Busunga,Kabirizi,Elephant,Crop damages,Scare shooting
27/08/2022,QECA,Kasese,Lake Katwe,Busunga,Kabirizi,Elephant,Crop damages,Scare shooting
29/08/2022,QECA,Kasese,Lake Katwe,Busunga,Kabirizi,Elephant,Crop damages,Scare shooting
30/08/2022,QECA,Kasese,Lake Katwe,Busunga,Kabirizi,Elephant,Crop damages,Scare shooting
31/08/2022,QECA,Kasese,Lake Katwe,Busunga,Kabirizi,Elephant,Crop damages,Scare shooting
02/09/2022,QECA,Kasese,Lake Katwe,Busunga,Kabirizi,Elephant,Crop damages,scare shooting
05/09/2022,QECA,Kasese,Lake Katwe,Busunga,Kabirizi,Elephant,Crop damages,scare shooting
09/09/2022,QECA,Kasese,Lake Katwe,Busunga,Kabirizi,Elephant,Crop damages,scare shooting
11/09/2022,QECA,Kasese,Lake Katwe,Busunga,Kabirizi,Elephant,Crop damages,scare shooting
12/09/2022,QECA,Kasese,Lake Katwe,Busunga,Kabirizi,Elephant,Crop damages,scare shooting
24/09/2022,QECA,Kasese,Lake Katwe,Busunga,Kabirizi,Elephant,Crop damages,scare shooting
25/09/2022,QECA,Kasese,Lake Katwe,Busunga,Kabirizi,Elephant,Crop damages,scare shooting
15/09/2021,QECA,Kasese,Lake Katwe,Busunga,Kabirizi,Elephant,Crop raiding,scare shooting
09/10/2022,QECA,Kasese,Lake Katwe,Busunga,Kabirizi,Elephant,Crop raiding,local methods used
10/10/2022,QECA,Kasese,Lake Katwe,Busunga,Kabirizi,Elephant,Crop raiding,local methods used
16/10/2022,QECA,Kasese,Lake Katwe,Busunga,Kabirizi,Elephant,Crop raiding,local methods used
19/10/2022,QECA,Kasese,Lake Katwe,Busunga,Kabirizi,Elephant,Crop raiding,scare shooting
21/10/2022,QECA,Kasese,Lake Katwe,Busunga,Kabirizi,Elephant,Crop raiding,local methods used
24/10/2022,QECA,Kasese,Lake Katwe,Busunga,Kabirizi,Elephant,Crop raiding,scare shooting
25/10/2022,QECA,Kasese,Lake Katwe,Busunga,Kabirizi,Elephant,Crop raiding,local methods used
26/10/2022,QECA,Kasese,Lake Katwe,Busunga,Kabirizi,Elephant,Crop raiding,Scare shooting
28/10/2022,QECA,Kasese,Lake Katwe,Busunga,Kabirizi,Elephant,Crop raiding,scare shooting
30/10/2022,QECA,Kasese,Lake Katwe,Busunga,Kabirizi,Elephant,Crop raiding,scare shooting
July 2021,,Kasese,Lake Katwe,Kabirizi,Kabirizi,Elephant,Crop raiding,Scare shooting
March 2021,,Kasese,Nyakiyumbu,Kayanja,Kabirizi,Elephant,Crop raiding,Scare shooting
March 2021,,Kasese,Nyakiyumbu,Kayanja,Kabirizi,Elephant,Crop raiding,Scare shooting
01/06/2021,QECA,Kasese,Nyakiyumbu,Kayanja,Kabirizi,Elephant,Crop raiding,Scare shooting
04/06/2021,QECA,Kasese,Nyakiyumbu,Kayanja,Kabirizi,Elephant,Crop raiding,Scare shooting
06/06/2021,QECA,Kasese,Nyakiyumbu,Kayanja,Kabirizi,Elephant,Crop raiding,Scare shooting
27/06/2021,QECA,Kasese,Nyakiyumbu,Kayanja,Kabirizi,Elephant,Crop raiding,Scare shooting
28/06/2021,QECA,Kasese,Nyakiyumbu,Kayanja,Kabirizi,Elephant,Crop raiding,Scare shooting
29/06/2021,QECA,Kasese,Nyakiyumbu,Kayanja,Kabirizi,Elephant,Crop raiding,Scare shooting
July 2021,,Kasese,Nyakiyumbu,Kayanja,Kabirizi,Elephant,Crop raiding,Scaring using local methods of drumming
July 2021,,Kasese,Nyakiyumbu,Kayanja,Kabirizi,Elephant,Crop raiding,Scare shooting
July 2021,,Kasese,Nyakiyumbu,Kayanja,Kabirizi,Elephant,Crop raiding,Scare shooting
July 2021,,Kasese,Nyakiyumbu,Kayanja,Kabirizi,Elephant,Crop raiding,Scare shooting
July 2021,,Kasese,Nyakiyumbu,Kayanja,Kabirizi,Elephant,Crop raiding,Scaring using local methods of drumming
July 2021,,Kasese,Nyakiyumbu,Kayanja,Kabirizi,Elephant,Crop raiding,Scaring using local methods of drumming
July 2021,,Kasese,Nyakiyumbu,Kayanja,Kabirizi,Elephant,Crop raiding,Scare shooting
July 2021,,Kasese,Nyakiyumbu,Kayanja,Kabirizi,Elephant,Crop raiding,Scare shooting
29/03/2022,QECA,Kasese,Nyakiyumbu,Kayanja,Kabirizi,Elephant,Crop raiding,local methods used
25/06/2021,QECA,Kasese,Nyakiyumbu,Nyakatonzi,Kabirizi,Elephant,Crop raiding,Scare shooting
04/10/2022,QECA,Kasese,Lake Katwe,Busunga,Kabirizi,Elephant,Crop raiding,local methods used
05/10/2022,QECA,Kasese,Lake Katwe,Busunga,Kabirizi,Elephant,Crop raiding,local methods used
05/06/2021,QECA,Kasese,Nyakiyumbu,Kayanja,Kabirizi and Busunga,Elephant,Crop raiding,Scare shooting
07/06/2021,QECA,Kasese,Nyakiyumbu,Kayanja,Kabirizi and Busunga,Elephant,Crop raiding,Scare shooting
10/06/2021,QECA,Kasese,Nyakiyumbu,Kayanja,Kabirizi and Busunga,Elephant,Crop raiding,Scare shooting
12/07/2022,QECA,Kasese,Kyondo,Kinyayobya,Kadeya,Elephant,Crop damages,Scare shooting
March 2021,,Kasese,Karusandara,Kyalanga,Kadeya,Elephant,Crop raiding,Scare shooting
March 2021,,Kasese,Karusandara,Kyalanga,Kadeya,Elephant,Crop raiding,Scare shooting
March 2021,,Kasese,Karusandara,Kyalanga,Kadeya,Elephant,Crop raiding,Scare shooting
March 2021,,Kasese,Karusandara,Kyalanga,Kadeya,Elephant,Crop raiding,Scare shooting
06/06/2021,QECA,Kasese,Karusandara,Kyalanga,Kadeya,Elephant,Crop raiding,Scare shooting
July 2021,,Kasese,Karusandara,Kyalanga,Kadeya,Elephant,Crop raiding,Scare shooting
July 2021,,Kasese,Karusandara,Kyalanga,Kadeya,Elephant,Crop raiding,Scare shooting
July 2021,,Kasese,Karusandara,Kyalanga,Kadeya,Elephant,Crop raiding,Scare shooting
July 2021,,Kasese,Karusandara,Kyalanga,Kadeya,Elephant,Crop raiding,Scare shooting
July 2021,,Kasese,Karusandara,Kyalanga,Kadeya,Elephant,Crop raiding,Scare shooting
July 2021,,Kasese,Karusandara,Kyalanga,Kadeya,Elephant,Crop raiding,Scare shooting
July 2021,,Kasese,Karusandara,Kyalanga,Kadeya,Elephant,Crop raiding,Scare shooting
July 2021,,Kasese,Karusandara,Kyalanga,Kadeya,Elephant,Crop raiding,Scare shooting
July 2021,,Kasese,Karusandara,Kyalanga,Kadeya,Elephant,Crop raiding,Scare shooting
July 2021,,Kasese,Karusandara,Kyalanga,Kadeya,Elephant,Crop raiding,Scare shooting
July 2021,,Kasese,Karusandara,Kyalanga,Kadeya,Elephant,Crop raiding,Scare shooting
July 2021,,Kasese,Karusandara,Kyalanga,Kadeya,Elephant,Crop raiding,Scare shooting
July 2021,,Kasese,Karusandara,Kyalanga,Kadeya,Elephant,Crop raiding,Scare shooting
01/09/2021,QECA,Kasese,Karusandara,Kyalanga,Kadeya,Elephant,Crop raiding,Scare shooting
04/03/2022,QECA,Kasese,Karusandara,Kyalanga,Kadeya,Elephant,Crop raiding,scare shooting
25/03/2022,QECA,Kasese,Karusandara,Kyalanga,Kadeya,Elephant,Crop raiding,Scare shooting
January 2021,,Kasese,Karusandara,Kyondo,Kadeya,Elephant,Crop damages,Assessment carried out
January 2021,,Kasese,Karusandara,Kyondo,Kadeya,Elephant,Crop damages,Assessment carried out
January 2021,,Kasese,Karusandara,Kyondo,Kadeya,Elephant,Crop damages,Scare shooting
January 2021,,Kasese,Karusandara,Kyondo,Kadeya,Elephant,Crop damages,Assessment carried out
January 2021,,Kasese,Karusandara,Kyondo,Kadeya,Elephant,Crop damages,Scare shooting
January 2021,,Kasese,Karusandara,Kyondo,Kadeya,Elephant,Crop damages,Assessment carried out
January 2021,,Kasese,Karusandara,Kyondo,Kadeya,Elephant,Crop damages,Scare shooting
January 2021,,Kasese,Karusandara,Kyondo,Kadeya,Elephant,Crop damages,Scare shooting
April 2021,,Kasese,Karusandara,Kyondo,Kadeya,Elephant,Crop damages,scare shooting
05/12/2021,QECA,Kasese,Karusandara,Kyondo,Kadeya,Elephant,Crop damages,Scare Shooting
06/08/2022,QECA,Kasese,Karusandara,Kyondo,Kadeya,Elephant,Crop damages,Scare shooting
16/10/2022,QECA,Kasese,Karusandara,Kyondo,Kadeya,Elephant,Crop raiding,scare shooting
April 2021,,Kasese,Kasese Municipality,Kyondo,Kadeya,Elephant,Crop damages,scare shooting
April 2021,,Kasese,Kasese Municipality,Kyondo,Kadeya,Elephant,Crop damages,scare shooting
06/05/2021,,Kasese,Kasese Municipality,Kyondo,Kadeya,Elephant,Crop damages,scare shooting
07/05/2021,,Kasese,Kasese Municipality,Kyondo,Kadeya,Elephant,Crop damages,scare shooting
25/07/2022,QECA,Kasese,Kyondo,Kyondo,Kadeya,Elephant,Crop damages,Scare shooting
02/08/2022,QECA,Kasese,Kyondo,Kyondo,Kadeya,Elephant,Crop damages,Scare shooting
07/08/2022,QECA,Kasese,Kyondo,Kyondo,Kadeya,Elephant,Crop damages,Scare shooting
16/10/2021,QECA,Kasese,Karusandara,Rwebigaga,Kadeya,Elephant,Crop raiding,PAM Assessment carried out
July 2021,,Kasese,Karusandara,Kyalanga,Kadeya and Rwebigaga,Elephant,Crop raiding,Assessment carried out
24/06/2021,QECA,Kasese,Nyakiyumbu,Nyakatonzi,Kagongo,Elephant,Crop raiding,Scare shooting
29/06/2021,QECA,Kasese,Nyakiyumbu,Nyakatonzi,Kagongo,Elephant,Crop raiding,Scare shooting
July 2021,,Kasese,Nyakiyumbu,Nyakatonzi,Kagongo,Elephant,Crop raiding,Scare shooting
July 2021,,Kasese,Nyakiyumbu,Nyakatonzi,Kagongo,Elephant,Crop raiding,Scare shooting
July 2021,,Kasese,Nyakiyumbu,Nyakatonzi,Kagongo,Elephant,Crop raiding,Scare shooting
July 2021,,Kasese,Nyakiyumbu,Nyakatonzi,Kagongo,Elephant,Crop raiding,Scare shooting
July 2021,,Kasese,Nyakiyumbu,Nyakatonzi,Kagongo,Elephant,Crop raiding,Scare shooting
02/06/2022,QECA,Kasese,Lake Katwe,Kahendero,Kahendero,Elephant,Property damage,Assessment carried out
03/06/2022,QECA,Kasese,Lake Katwe,Kahendero,Kahendero,Elephant,Human threats,Scare shooting
09/06/2022,QECA,Kasese,Lake Katwe,Kahendero,Kahendero,Elephant,Human threats,Local methods used
11/06/2022,QECA,Kasese,Lake Katwe,Kahendero,Kahendero,Elephant,Property damage,Scare shooting
January 2021,,Kasese,Muhokya,Kahendero,Kahendero,Elephant,Human threat,scare shooting
January 2021,,Kasese,Muhokya,Kahendero,Kahendero,Elephant,Property destruction,Assessment carried out
January 2021,,Kasese,Muhokya,Kahendero,Kahendero,Elephant,Crop damages,Scare shooting
July 2021,,Kasese,Kahokya,Kahendero,Kahendero,Elephant,Crop raiding,Scare shooting
March 2021,,Kasese,Kasese Municipality,Muhokya,Kahendero,Elephant,Crop raiding,Scare shooting
April 2021,,Kasese,Muhokya,Kahendero,Kahendero,Elephant,Food stores damage,Assessment carried out
24/08/2021,QECA,Kasese,Muhokya,Kahendero,Kahendero,Elephant,Crop raiding,scare shooting
28/08/2021,QECA,Kasese,Muhokya,Kahendero,Kahendero,Elephant,Property damage,Assessment carried out
April 2021,,Kasese,Muhokya,Kahendero,Kahendero,Elephant,House damage,scare shooting
12/09/2021,QECA,Kasese,Lake Katwe,Muhokya,Kahendero,Elephant,Crop raiding,Scare shooting
17/09/2021,QECA,Kasese,Lake Katwe,Muhokya,Kahendero,Elephant,Crop raiding,Scare shooting
14/01/2022,QECA,Kasese,Muhokya,Kahendero,Kahendero,Elephant,property damage,Assessment carried out
18/01/2022,QECA,Kasese,Muhokya,Kahendero,Kahendero,Elephant,property damage,Assessment carried out
12/06/2021,QECA,Kasese,Kahokya,Kahendero,Kahendero,Elephant,House damage,Assessment carried out
10/05/2022,QECA,Kasese,Katunguru,Katunguru,Kalemanjojo,Elephant,human threat,scare shooting
23/05/2022,QECA,Kasese,Katunguru,Katunguru,Kalemanjojo,Elephant,human threat,Scare shooting
March 2021,,Kasese,Lake Katwe,Kikorongo,Kalemberio,Elephant,Crop raiding,Assessment carried out
July 2021,,Kasese,Kasese Municipality,Railway Ward,Kamaiba,Elephant,Crop raiding,Scare shooting
April 2021,,Kasese,Central Division,Kahokya,Kamuliwizi,Elephant,Property destruction,scare shooting
28/09/2021,QECA,Kasese,Muhokya,Kamulikwizi,Kamuliwizi,Elephant,damage of water tank,Scare shooting
05/04/2022,QECA,Kasese,Kasese Municipality,Kanyangeya,Kanamba,Elephant,Crop damages,Scares shooting
03/06/2021,QECA,Kasese,Karusandara,Kyalanga,Kanamba,Elephant,Crop raiding,Assessment carried out
10/06/2021,QECA,Kasese,Karusandara,Kyalanga,Kanamba,Elephant,Crop raiding,Assessment carried out
06/04/2022,QECA,Kasese,Karusandara,Kyondo,Kanamba,Elephant,Crop damages,Scares shooting
25/08/2022,QECA,Kasese,Kyondo,Kyondo,Kanamba,Elephant,Crop damages,Assessment carried out
04/08/2022,QECA,Kasese,Karusandara,Karusandara,Kanyamihini,Elephant,Crop damages,Scare shooting
27/05/2021,,Kasese,Lake Katwe,Busunga,Kanyampara,Elephant,Crop damages,scare shooting
05/10/2021,QECA,Kasese,Nyakatonzi,Bukangara,Kanyampara,Elephant,Crop raiding,Scare shooting
14/05/2021,,Kasese,Lake Katwe,Busunga,Kanyampara,Elephant,Crop damages,scare shooting
January 2021,,Kasese,Lake Katwe,Busunga,Kanyampara,Elephant,Crop damages,Scare shooting
February 2021,,Kasese,Lake Katwe,Busunga,Kanyampara,Elephant,Crop damages,Scare shooting
April 2021,,Kasese,Lake Katwe,Busunga,Kanyampara,Elephant,Crop damages,scare shooting
17/12/2021,QECA,Kasese,Lake Katwe,Busunga,Kanyampara,Elephant,Crop damages,Scare Shooting
12/06/2022,QECA,Kasese,Lake Katwe,Busunga,Kanyampara,Elephant,Crop damages,Scare shooting
30/05/2021,,Kasese,Lake Katwe,Kabirizi,Kanyampara,Elephant,Crop damages,scare shooting
30/11/2021,QECA,Kasese,Lake Katwe,Nyakatonzi,Kanyampara,Elephant,Crop damages,Scare shooting
April 2021,,Kasese,Nyakatonzi,Nyakatonzi,Kanyampara,Elephant,Crop damages,scare shooting
July 2021,,Kasese,Isango,Kanyampara,Kanyampara,Elephant,Crop raiding,Scare shooting
02/06/2022,QECA,Kasese,Nyamwamba,Airstrip,Kanyangeya,Elephant,Crop damages,Scare shooting
7/6/2022,QECA,Kasese,Nyamwamba,Airstrip,Kanyangeya,Elephant,Crop damages,Scare shooting
12/06/2022,QECA,Kasese,Nyamwamba,Airstrip,Kanyangeya,Elephant,Crop damages,Scare shooting
January 2021,,Kasese,Central Division,Kanyangeya,Kanyangeya,Elephant,Crop damages,Scare shooting
08/07/2022,QECA,Kasese,Nyamwamba,Kanyangeya,Kanyangeya,Elephant,Human death,Assessment carried out
February 2021,,Kasese,Nyamwamba,Kanyangeya,Kanyangeya,Elephant,Crop damages,Scare shooting
23/6/2022,QECA,Kasese,Nyamwamba,Nyakasanga,Kanyangeya,Elephant,Crop damages,Scare shooting
July 2021,,Kasese,Kasese Municipality,Nyamwamba,Kanyangeya,Elephant,Crop raiding,Scaring using local methods of drumming
July 2021,,Kasese,Kasese Municipality,Nyamwamba,Kanyangeya,Elephant,Crop raiding,Scare shooting
04/06/2021,QECA,Kasese,Kasese Municipality,Nyamwamba,Kanyangeya,Elephant,Crop raiding,Assessment carried out
05/06/2021,QECA,Kasese,Kasese Municipality,Nyamwamba,Kanyangeya,Elephant,Crop raiding,Scare shooting
15/06/2021,QECA,Kasese,Kasese Municipality,Nyamwamba,Kanyangeya,Elephant,Crop raiding,Scare shooting
July 2021,,Kasese,Kasese Municipality,Nyamwamba,Kanyangeya,Elephant,Crop raiding,Scare shooting
07/08/2021,QECA,Kasese,Kasese Municipality,Railway Ward,Kanyangeya,Elephant,Crop raiding,Scaring using local methods of drumming
31/10/2022,QECA,Kasese,Kasese Municipality,Railway Ward,Kanyangeya,Elephant,Property damage,scare shooting
29/07/2022,QECA,Kasese,Karusandara,Karusandara,Kanyatete,Elephant,Crop damages,Scare shooting
March 2021,,Kasese,Karusandara,Kyalanga,Kanyatete,Elephant,Crop raiding,Scare shooting
17/07/2022,QECA,Kasese,Kyondo,Kyondo,Kinyayobya,Elephant,Crop damages,Scare shooting
19/09/2021,QECA,Kasese,Lake Katwe,Kyendangara,Karere,Elephant,Crop raiding,Scaring using local methods of drumming
29/05/2021,,Kasese,Karusandara,Karusandara,Karusandara,Elephant,Human death,Assessment carried out
21/12/2021,QECA,Kasese,Karusandara,Kyondo,Karusandara,Elephant,Crop damages,Assesment done
31/07/2022,QECA,Kasese,Karusandara,Kyondo,Karusandara,Elephant,Crop damages,Scare shooting
23/11/2021,QECA,Kasese,Central Division,Kanyangeya,Kasasiro,Elephant,Crop damages,Scaring using local methods of drumming and vuvuzeras
10/02/2022,QECA,Kasese,Nyamwamba,Kanyangeya,Kasasiro,Elephant,Crop damages,Scare shootings
April 2021,,Kasese,Central Division,Kanyangeya,Kasasiro,Elephant,Crop damages,scare shooting
18/12/2021,QECA,Kasese,Central Division,Kanyangeya,Kasasiro,Elephant,Crop damages,Scare Shooting
March 2021,,Kasese,Kasese Municipality,Railway Ward,Kasasiro,Elephant,Crop raiding,Scare shooting
July 2021,,Kasese,Kasese Municipality,Railway Ward,Kasasiro,Elephant,human death,taken to Hospital
29/05/2021,,Kasese,Central Division,KCCL,Kasasiro-Kidodo,Elephant,Crop damages,scare shooting
19/12/2022,QECA,Kasese,Lake Katwe,Kasenyi,Kasenyi,Elephant,water tank damage,scare shooting
16/10/2022,QECA,Kasese,Lake Katwe,Kasenyi,Kasenyi,Elephant,Property damage,Assessment carried out
16/10/2021,QECA,Kasese,Kasese Municipality,Railway Ward,Kasese,Elephant,Crop raiding,Scare shooting
14/04/2022,QECA,Kasese,Nyakiyumbu,Katholhu,Katholhu,Elephant,Crop damages,Local methods Used
15/04/2022,QECA,Kasese,Nyakiyumbu,Katholhu,Katholhu,Elephant,Crop damages,Local methods Used
23/06/2022,QECA,Kasese,Nyakiyumbu,Katholhu,Katholhu,Elephant,Crop damages,Scare shooting
27/6/2022,QECA,Kasese,Nyakiyumbu,Katholhu,Katholhu,Elephant,Crop damages,Scare shooting
6/7/2022,QECA,Kasese,Nyakiyumbu,Katholhu,Katholhu,Elephant,Crop damages,Scare shooting
8/7/2022,QECA,Kasese,Nyakiyumbu,Katholhu,Katholhu,Elephant,Crop damages,Scare shooting
25/03/2022,QECA,Kasese,Nyakiyumbu,Kayanja,Katholhu,Elephant,Crop raiding,local methods used
30/10/2022,QECA,Kasese,Nyakiyumbu,Kayanja,Katholhu,Elephant,Crop raiding,local methods used
30/03/2022,QECA,Kasese,Nyakatonzi,Muruti,Katholhu,Elephant,Crop raiding,scare shooting
January 2021,,Kasese,Nyakiyumbu,Katholhu,Katojo,Elephant,Crop damages,Scare shooting
January 2021,,Kasese,Nyakiyumbu,Katholhu,Katojo,Elephant,Crop damages,scare shooting
February 2021,,Kasese,Nyakiyumbu,Katholhu,Katojo,Elephant,Crop damages,Scare shooting
14/06/2021,QECA,Kasese,Nyakiyumbu,Kitatura,Katojo,Elephant,Crop raiding,Scare shooting
15/06/2021,QECA,Kasese,Nyakiyumbu,Kitatura,Katojo,Elephant,Crop raiding,Scaring using local methods of drumming
16/06/2021,QECA,Kasese,Nyakiyumbu,Kitatura,Katojo,Elephant,Crop raiding,Scare shooting
17/06/2021,QECA,Kasese,Nyakiyumbu,Kitatura,Katojo,Elephant,Crop raiding,Scaring using local methods of drumming
20/06/2021,QECA,Kasese,Nyakiyumbu,Kitatura,Katojo,Elephant,Crop raiding,Scare shooting
23/06/2021,QECA,Kasese,Nyakiyumbu,Kitatura,Katojo,Elephant,Crop raiding,Scare shooting
25/06/2021,QECA,Kasese,Nyakiyumbu,Kitatura,Katojo,Elephant,Crop raiding,Scare shooting
July 2021,,Kasese,Nyakiyumbu,Kitatura,Katojo,Elephant,Crop raiding,Scaring using local methods of drumming
July 2021,,Kasese,Nyakiyumbu,Kitatura,Katojo,Elephant,Crop raiding,Scaring using local methods of drumming
July 2021,,Kasese,Nyakiyumbu,Kitatura,Katojo,Elephant,Crop raiding,Scare shooting
July 2021,,Kasese,Nyakiyumbu,Nyakatonzi,Katojo,Elephant,Crop raiding,Scare shooting
January 2021,,Kasese,Nyakiyumbu,Kayanja,Kayanja,Elephant,Crop raiding,Sensitisation meeting
16/12/2021,QECA,Kasese,Central Division,Kanyangeya,KCCL,Elephant,Crop damages,Scare Shooting
19/05/2021,,Kasese,Central Division,KCCL,KCCL,Elephant,Crop damages,Scaring using local methods of vuvuzeras
21/05/2021,,Kasese,Central Division,KCCL,KCCL,Elephant,Crop damages,Scaring using local methods of drumming
05/06/2021,QECA,Kasese,Kasese Municipality,Kiteso,KCCL,Elephant,Crop raiding,Assessment carried out
12/03/2022,QECA,Kasese,Kasese Municipality,Railway Ward,KCCL,Elephant,Crop raiding,Scare shooting
14/03/2022,QECA,Kasese,Kasese Municipality,Railway Ward,KCCL,Elephant,Crop raiding,Sscare shootng
15/03/2022,QECA,Kasese,Kasese Municipality,Railway Ward,KCCL,Elephant,Crop raiding,Scare shooting
17/03/2022,QECA,Kasese,Kasese Municipality,Railway Ward,KCCL,Elephant,Crop raiding,Scaring using local methods of drumming
09/08/2021,QECA,Kasese,Kasese Municipality,Railway Ward,KCCL,Elephant,Crop raiding,Scare shooting
30/08/2021,QECA,Kasese,Kasese Municipality,Railway Ward,KCCL,Elephant,Crop raiding,scare shooting
31/08/2021,QECA,Kasese,Kasese Municipality,Railway Ward,KCCL,Elephant,Crop raiding,scare shooting
July 2021,,Kasese,Kasese Municipality,Railway Ward,"KCCL, Kiteso, Kidodo",Elephant,Crop raiding,Scare shooting
17/06/2021,QECA,Kasese,Kasese Municipality,Railway Ward,"KCCL, Kiteso, Kidodo",Elephant,Crop raiding,Assessment carried out
30/12/2021,QECA,Kasese,Busunga,Kanyampara,Kempara,Elephant,Crop damages,Scare Shooting
27/11/2021,QECA,Kasese,Nyamwamba,Kanyangeya,Kidodo,Elephant,Crop damages,Scare shooting
24/08/2022,QECA,Kasese,Nyamwamba,Kanyangeya,Kidodo,Elephant,Crop damages,Scare shooting
16/05/2021,,Kasese,Central Division,KCCL,Kidodo,Elephant,Crop damages,Scaring using local methods of vuvuzeras
22/05/2021,,Kasese,Central Division,KCCL,Kidodo,Elephant,Crop damages,Scaring using local methods of vuvuzeras
24/05/2021,,Kasese,Central Division,KCCL,Kidodo,Elephant,Crop damages,Scaring using local methods of vuvuzeras
31/05/2021,,Kasese,Central Division,KCCL,Kidodo,Elephant,Crop damages,Scaring using local methods of vuvuzeras
27/10/2022,,Kasese,Central Division,Railway Ward,Kidodo,Elephant,human threat,local methods used
July 2021,,Kasese,Kasese Municipality,Railway Ward,Kidodo,Elephant,Crop raiding,Scare shooting
July 2021,,Kasese,Kasese Municipality,Railway Ward,Kidodo,Elephant,Crop raiding,Scare shooting
July 2021,,Kasese,Kasese Municipality,Railway Ward,Kidodo,Elephant,Crop raiding,Scaring using local methods of drumming
March 2021,,Kasese,Kasese Municipality,Railway Ward,Kidodo,Elephant,Crop raiding,Scare shooting
July 2021,,Kasese,Kasese Municipality,Railway Ward,Kidodo,Elephant,Crop raiding,Scare shooting
July 2021,,Kasese,Kasese Municipality,Railway Ward,Kidodo,Elephant,Crop raiding,Scare shooting
July 2021,,Kasese,Kasese Municipality,Railway Ward,Kidodo,Elephant,Crop raiding,Scare shooting
July 2021,,Kasese,Kasese Municipality,Railway Ward,Kidodo,Elephant,Crop raiding,Scaring using local methods of drumming
13/08/2021,QECA,Kasese,Kasese Municipality,Railway Ward,Kidodo,Elephant,Crop raiding,Scaring using local methods of drumming
14/08/2021,QECA,Kasese,Kasese Municipality,Railway Ward,Kidodo,Elephant,Crop raiding,Scare shooting
16/08/2021,QECA,Kasese,Kasese Municipality,Railway Ward,Kidodo,Elephant,Crop raiding,Scare shooting
08/10/2021,QECA,Kasese,Kasese Municipality,Railway Ward,Kidodo,Elephant,Crop raiding,Scaring using local methods of drumming
14/10/2021,QECA,Kasese,Kasese Municipality,Railway Ward,Kidodo,Elephant,Crop raiding,Scaring using local methods of drumming
13/03/2022,QECA,Kasese,Kasese Municipality,Railway Ward,Kidodo,Elephant,Crop raiding,Scare shooting
February 2021,,Kasese,Central Division,Kanyangeya,Kidodo,Elephant,Crop damages,Assessment carried out
09/12/2021,QECA,Kasese,Central Division,Kanyangeya,Kidodo,Elephant,Crop damages,Scare Shooting
10/12/2021,QECA,Kasese,Central Division,Kanyangeya,Kidodo,Elephant,Crop damages,Scare Shooting
26/06/2021,QECA,Kasese,Kasese Municipality,Railway Ward,"Kidodo, Kanyangeya and Airstrip",Elephant,Crop raiding,Scare shooting
27/06/2021,QECA,Kasese,Kasese Municipality,Railway Ward,"Kidodo, Kanyangeya and Airstrip",Elephant,Crop raiding,Scare shooting
27/06/2021,QECA,Kasese,Kasese Municipality,Railway Ward,"Kidodo, Kanyangeya and Airstrip",Elephant,Crop raiding,Scare shooting
21/06/2021,QECA,Kasese,Kasese Municipality,Railway Ward,"Kidodo, Kanyangeya and Airstrip",Elephant,Crop raiding,Scare shooting
20/11/2021,QECA,Kasese,Central Division,Kanyangeya,Kidodo-Kasasiro,Elephant,Crop damages,Scare shooting
11/06/2021,QECA,Kasese,Karusandara,Kanamba,Kifumbira,Elephant,Crop raiding,Assessment carried out
March 2021,,Kasese,Karusandara,Kyalanga,Kifumbira,Elephant,Crop raiding,Scare shooting
April 2021,,Kasese,Muhokya,Kahendero,Kigaba,Elephant,Property destruction,Assessment carried out
06/01/2022,QECA,Kasese,Nyakatonzi,Nyakatonzi,Kigando,Elephant,Crop damages,Scareshooting
March 2021,,Kasese,Karusandara,Kyalanga,Kigermany,Elephant,Crop raiding,Scare shooting
11/07/2022,QECA,Kasese,Nyamwamba,Kanyangeya,Kihara,Elephant,Crop damages,Scare shooting
13/07/2022,QECA,Kasese,Nyamwamba,Kanyangeya,Kihara,Elephant,Crop damages,Assessment carried out
05/02/2022,QECA,Kasese,Nyamwamba,Nyakasanga,Kihara,Elephant,Crop damages,Scaring using local methods of drumming
24/6/2022,QECA,Kasese,Nyamwamba,Nyakasanga,Kihara,Elephant,Crop damages,Scare shooting
29/6/2022,QECA,Kasese,Nyamwamba,Nyakasanga,Kihara,Elephant,Crop damages,Scare shooting
July 2021,,Kasese,Kasese Municipality,Nyamwamba,Kihara,Elephant,Crop raiding,Scare shooting
July 2021,,Kasese,Kasese Municipality,Nyamwamba,Kihara,Elephant,Crop raiding,Scare shooting
July 2021,,Kasese,Kasese Municipality,Nyamwamba,Kihara,Elephant,Crop raiding,Scare shooting
23/05/2022,QECA,Kasese,Kasese Municipality,Railway Ward,Kihara,Elephant,Crop raiding,local methods used
21/06/2022,QECA,Kasese,Kasese Municipality,Railway Ward,Kihara,Elephant,Crop damages,Local methods used
27/04/2022,QECA,Kasese,Nyamwamba,Scheme,Kihara,Elephant,Crop damages,Local methods Used
July 2021,,Kasese,Kasese Municipality,Nyamwamba,Kijamani,Elephant,Crop raiding,Scare shooting
03/08/2022,QECA,Kasese,Karusandara,Karusandara,Kijjamani,Elephant,Crop damages,Scare shooting
25/03/2022,QECA,Kasese,Karusandara,Kyalanga,Kikoga,Elephant,Crop raiding,scare shooting
10/06/2021,QECA,Kasese,Kahokya,Kahendero,Kikorongo,Elephant,Crop raiding,Scare shooting
July 2021,,Kasese,Muhokya,Kahendero,Kikorongo,Elephant,Crop raiding,Scare shooting
06/09/2022,QECA,Kasese,Kasese Municipality,Kanyangeya,Kikonjo,Elephant,Crop damages,scare shooting
27/09/2022,QECA,Kasese,Nyamwamba,Kanyangeya,Kikonjo,Elephant,Crop damages,scare shooting
27/6/2022,QECA,Kasese,Nyamwamba,Kanyangeya,Kikonjo,Elephant,Crop damages,Scare shooting
05/08/2022,QECA,Kasese,Nyamwamba,Kanyangeya,Kikonjo,Elephant,Crop damages,Scare shooting
01/05/2021,,Kasese,Kasese Municipality,Railway Ward,Kikonjo,Elephant,Crop damages,scare shooting
March 2021,,Kasese,Kasese Municipality,Railway Ward,Kikonjo,Elephant,Crop raiding,Scare shooting
16/05/2022,QECA,Kasese,Kasese Municipality,Railway Ward,Kikonjo,Elephant,Crop raiding,Scare shooting
3/7/2022,QECA,Kasese,Lake Katwe,Kikorongo,Kikorongo,Elephant,Human threat,Scare shooting
7/7/2022,QECA,Kasese,Lake Katwe,Kikorongo,Kikorongo,Elephant,Crop damages,Scare shooting
09/07/2022,QECA,Kasese,Lake Katwe,Kikorongo,Kikorongo,Elephant,Crop damages,Scare shooting
09/07/2022,QECA,Kasese,Lake Katwe,Kikorongo,Kikorongo,Elephant,Crop damages,Assessment carried out
July 2021,,Kasese,Kasese Municipality,Railway Ward,Kilembe,Elephant,Crop raiding,Scaring using local methods of drumming
20/06/2021,QECA,Kasese,Kasese Municipality,Railway Ward,Kilembe,Elephant,Crop raiding,Scare shooting
13/07/2022,QECA,Kasese,Kyondo,Kyondo,Kinyayobya,Elephant,Crop damages,Assessment carried out
01/01/2022,QECA,Kasese,Nyakatonzi,Kamuruli,Kipanga,Elephant,Crop damages,Scareshooting
14/01/2022,QECA,Kasese,Nyakatonzi,Muruti,Kipanga,Elephant,property damage,Assessment carried out
25/03/2022,QECA,Kasese,Nyakatonzi,Muruti,Kipanga,Elephant,Crop raiding,local methods used
23/08/2021,QECA,Kasese,Lake Katwe,Busunga,Kisanga,Elephant,Crop raiding,scare shooting
11/11/2021,QECA,Kasese,Lake Katwe,Busunga,Kisanga,Elephant,Crop damages,Scare shooting
09/03/2022,QECA,Kasese,Kisinga,Kagando,Kisanga,Elephant,Crop raiding,Assessment carried out
21/03/2022,QECA,Kasese,Kisinga,Kagando,Kisanga,Elephant,Crop raiding,scare shooting
27/12/2022,QECA,Kasese,Nyakatonzi,Kisasa,Kisasa,Elephant,Crop damages,Assessment carried out
23/11/2022,QECA,Kasese,Nyakatonzi,Rwehingo,Kisasa,Elephant,Crop damages,scare Shooting
26/11/2022,QECA,Kasese,Nyakatonzi,Rwehingo,Kisasa,Elephant,Crop damages,scare Shooting
27/11/2022,QECA,Kasese,Nyakatonzi,Rwehingo,Kisasa,Elephant,Crop damages,Assessment carried out
02/09/2021,QECA,Kasese,Kisinga,Kisinga,Kisasa,Elephant,Crop raiding,Scare shooting
16/09/2021,QECA,Kasese,Kisinga,Kisinga,Kisasa,Elephant,Crop raiding,Scare shooting
23/09/2021,QECA,Kasese,Kisinga,Kisinga,Kisasa,Elephant,Crop raiding,scare shooting
24/08/2021,QECA,Kasese,Lake Katwe,Kisinga,Kisasa,Elephant,Crop raiding,Scare shooting
24/08/2021,QECA,Kasese,Lake Katwe,Kisinga,Kisasa,Elephant,Crop raiding,scare  shooting
28/05/2021,,Kasese,Nyakiyumbu,Katojo,Kitatura,Elephant,Crop damages,scare shooting
15/12/2021,QECA,Kasese,Nyakiyumbu,Katholhu,Kitaturwa,Elephant,Crop damages,scare Shooting
16/12/2021,QECA,Kasese,Nyakiyumbu,Katholhu,Kitaturwa,Elephant,Crop damages,scare Shooting
March 2021,,Kasese,Nyakiyumbu,Kayanja,Kitaturwa,Elephant,Crop damages,Assessment carried out
03/06/2021,QECA,Kasese,Nyakiyumbu,Kitatura,Kitaturwa,Elephant,Crop raiding,Scare shooting
10/05/2021,,Kasese,Central Division,KCCL,Kiteso,Elephant,Crop damages,Scaring using local methods of vuvuzeras
01/06/2021,QECA,Kasese,Kasese Municipality,Railway Ward,Kiteso,Elephant,Crop raiding,Scare shooting
06/06/2021,QECA,Kasese,Kasese Municipality,Railway Ward,Kiteso,Elephant,Crop raiding,Scaring using local methods of drumming
17/06/2021,QECA,Kasese,Kasese Municipality,Railway Ward,Kiteso,Elephant,Crop raiding,Scare shooting
19/06/2021,QECA,Kasese,Kasese Municipality,Railway Ward,Kiteso,Elephant,Crop raiding,Scare shooting
21/06/2021,QECA,Kasese,Kasese Municipality,Railway Ward,Kiteso,Elephant,Crop raiding,Scare shooting
03/08/2021,QECA,Kasese,Kasese Municipality,Railway Ward,Kiteso,Elephant,Crop raiding,Scare shooting
20/06/2021,QECA,Kasese,Kasese Municipality,Railway Ward,Kiteso and Kidodo,Elephant,Crop raiding,Scare shooting
20/02/2022,QECA,Kasese,Lake Katwe,Katwe-Kabatoro,Kyakitale,Elephant,Human death,Assessment carried out
2/7/2022,QECA,Kasese,Kisinga,Kagando,Kyalanga,Elephant,Crop damages,Scare shooting
19/05/2021,,Kasese,Karusandara,Karusandara,Kyalanga,Elephant,Crop damages,scare shooting
22/05/2021,,Kasese,Karusandara,Karusandara,Kyalanga,Elephant,Crop damages,scare shooting
23/05/2021,,Kasese,Karusandara,Karusandara,Kyalanga,Elephant,Crop damages,scare shooting
31/05/2021,,Kasese,Karusandara,Karusandara,Kyalanga,Elephant,Crop damages,scare shooting
04/08/2022,QECA,Kasese,Kisinga,Kisinga,Kyalanga,Elephant,Crop damages,Scare shooting
10/08/2022,QECA,Kasese,Kisinga,Kisinga,Kyalanga,Elephant,Crop damages,Scare shooting
25/08/2022,QECA,Kasese,Kisinga,Kisinga,Kyalanga,Elephant,Crop damages,Scare shooting
28/02/2022,QECA,Kasese,Karusandara,Kyalanga,Kyalanga,Elephant,Crop damages,Scare shootings
21/12/2022,QECA,Kasese,Karusandara,Kyalanga,Kyalanga,Elephant,Crop damages,scare shooting
30/11/2022,QECA,Kasese,Nyamwamba,Kyalanga,Kyalanga,Elephant,Crop damages,scare Shooting
05/04/2022,QECA,Kasese,Karusandara,Kyondo,Kyalanga,Elephant,Crop damages,Scares shooting
07/04/2022,QECA,Kasese,Karusandara,Kyondo,Kyalanga,Elephant,Crop damages,Scares shooting
10/04/2022,QECA,Kasese,Karusandara,Kyondo,Kyalanga,Elephant,Crop damages,Scares shooting
29/07/2022,QECA,Kasese,Karusandara,Kyondo,Kyalanga,Elephant,Crop damages,Assessment carried out
10/01/2022,QECA,Kasese,Karusandara,Kyondo,Kyalanga,Elephant,Crop damages,Scareshooting
06/10/2021,QECA,Kasese,Ibanda,Ibanda,Kyallughatu,Elephant,Human injuryof Miss Masika Daphine,Assessment carried out
21/12/2022,QECA,Kasese,Kilembe,Kyambogho,Kyambogho,Elephant,Crop damages,Assessment carried out
23/11/2021,QECA,Kasese,Central Division,Kyondo,Kyondo,Elephant,Crop damages,Scare shooting
17/11/2022,QECA,Kasese,Kyondo,Kyondo,Kyondo,Elephant,Crop damages,scare Shooting
11/07/2022,QECA,Kasese,Nyamwamba,Kyondo,Kyondo,Elephant,Crop damages,Scare shooting
26/6/2022,QECA,Kasese,Nyamwamba,Kyondo,Kyondo,Elephant,Human injury,Treatment was done
14/11/2021,QECA,Kasese,Rukoki,Majengo,Kyondo,Elephant,Crop damages,Scare shooting
02/08/2021,QECA,Kasese,Kasese Municipality,Nyamwamba,Kyondo,Elephant,Crop raiding,scare shooting
07/08/2021,QECA,Kasese,Kasese Municipality,Nyamwamba,Kyondo,Elephant,Crop raiding,scare shooting
09/08/2021,QECA,Kasese,Kasese Municipality,Nyamwamba,Kyondo,Elephant,Crop raiding,Scare shooting
12/08/2021,QECA,Kasese,Kasese Municipality,Nyamwamba,Kyondo,Elephant,Crop raiding,scare shooting
15/03/2022,QECA,Kasese,Kasese Municipality,Nyamwamba,Kyondo,Elephant,Crop raiding,Scare shooting
03/01/2022,QECA,Kasese,Nyamwamba,Scheme,Kyondo,Elephant,Crop damages,Scareshooting
14/01/2022,QECA,Kasese,Karusandara,Kyalanga,Kyondo,Elephant,Crop damages,Scareshooting
31/01/2022,QECA,Kasese,Nyamwamba,Scheme,Kyondo,Elephant,Crop damages,Scareshooting
July 2021,,Kasese,Muhokya,Kahendero,Lyemibuza,Elephant,Crop raiding,Scaring using local methods of drumming
July 2021,,Kasese,Muhokya,Kahendero,Lyemibuza,Elephant,Crop raiding,Scaring using local methods of drumming
30/06/2021,QECA,Kasese,Kahokya,Kikorongo,Lyemibuza,Elephant,Crop raiding,Scare shooting
July 2021,,Kasese,Katwe-Kabatoro,Kikorongo,Lyemibuza,Elephant,Crop raiding,Scare shooting
22/06/2021,QECA,Kasese,Kasese Municipality,Nyamwamba,Magengo,Elephant,Crop raiding,Scare shooting
09/06/2022,QECA,Kasese,Nyamwamba,Airstrip,Majengo,Elephant,Crop damages,Scare shooting
March 2021,,Kasese,Karusandara,Kyalanga,Majengo,Elephant,Crop raiding,Assessment carried out
March 2021,,Kasese,Karusandara,Kyalanga,Majengo,Elephant,Crop raiding,Scare shooting
30/07/2022,QECA,Kasese,Karusandara,Kyondo,Majengo,Elephant,Crop damages,Assessment carried out
01/08/2022,QECA,Kasese,Karusandara,Kyondo,Majengo,Elephant,Crop damages,Scare shooting
08/08/2022,QECA,Kasese,Karusandara,Kyondo,Majengo,Elephant,Crop damages,Scare shooting
28/08/2022,QECA,Kasese,Karusandara,Kyondo,Majengo,Elephant,Crop damages,Scare shooting
06/08/2022,QECA,Kasese,Kyondo,Kyondo,Majengo,Elephant,Crop damages,Local methods used
1/7/2022,QECA,Kasese,Nyamwamba,Kyondo,Majengo,Elephant,Crop damages,Scare shooting
5/7/2022,QECA,Kasese,Nyamwamba,Kyondo,Majengo,Elephant,Crop damages,Scare shooting
7/7/2022,QECA,Kasese,Nyamwamba,Kyondo,Majengo,Elephant,Crop damages,Scare shooting
8/7/2022,QECA,Kasese,Nyamwamba,Kyondo,Majengo,Elephant,Crop damages,Scare shooting
12/07/2022,QECA,Kasese,Nyamwamba,Kyondo,Majengo,Elephant,Crop damages,Scare shooting
13/07/2022,QECA,Kasese,Nyamwamba,Kyondo,Majengo,Elephant,Crop damages,Scare shooting
18/07/2022,QECA,Kasese,Nyamwamba,Kyondo,Majengo,Elephant,Crop damages,Scare shooting
23/07/2022,QECA,Kasese,Nyamwamba,Kyondo,Majengo,Elephant,Crop damages,Scare shooting
27/07/2022,QECA,Kasese,Nyamwamba,Kyondo,Majengo,Elephant,Crop damages,Scare shooting
28/07/2022,QECA,Kasese,Nyamwamba,Kyondo,Majengo,Elephant,Crop damages,Scare shooting
27/6/2022,QECA,Kasese,Nyamwamba,Kyondo,Majengo,Elephant,Crop damages,Scare shooting
29/06/2021,QECA,Kasese,Kasese Municipality,Nyamwamba,Majengo,Elephant,Crop raiding,Scare shooting
24/06/2021,QECA,Kasese,Kasese Municipality,Nyamwamba,Majengo,Elephant,Crop raiding,Scare shooting
30/06/2021,QECA,Kasese,Kasese Municipality,Nyamwamba,Majengo,Elephant,Crop raiding,Scare shooting
July 2021,,Kasese,Kasese Municipality,Nyamwamba,Majengo,Elephant,Crop raiding,Scare shooting
July 2021,,Kasese,Kasese Municipality,Nyamwamba,Majengo,Elephant,Crop raiding,Scare shooting
14/06/2021,QECA,Kasese,Kasese Municipality,Nyamwamba,Majengo,Elephant,Crop raiding,Scare shooting
15/06/2021,QECA,Kasese,Kasese Municipality,Nyamwamba,Majengo,Elephant,Crop raiding,Scare shooting
27/06/2021,QECA,Kasese,Kasese Municipality,Nyamwamba,Majengo,Elephant,Crop raiding,Scare shooting
July 2021,,Kasese,Kasese Municipality,Nyamwamba,Majengo,Elephant,Crop raiding,Scare shooting
July 2021,,Kasese,Kasese Municipality,Nyamwamba,Majengo,Elephant,Crop raiding,Scare shooting
29/11/2022,QECA,Kasese,Nyamwamba,Scheme,Majengo,Elephant,Crop damages,scare Shooting
28/06/2021,QECA,Kasese,Kasese Municipality,Nyamwamba,Majengo and Kanyangeya,Elephant,Crop raiding,Scare shooting
21/06/2021,QECA,Kasese,Kasese Municipality,Nyamwamba,Majengo and Kyondo,Elephant,Crop raiding,Scare shooting
February 2021,,Kasese,Karusandara,Kyondo,Mubuku,Elephant,Crop damages,Scare shooting
February 2021,,Kasese,Karusandara,Kyondo,Mubuku,Elephant,Crop damages,Scare shooting
07/08/2021,QECA,Kasese,Karusandara,Kyalanga,Mubuku,Elephant,Crop raiding,Scare shooting
09/08/2021,QECA,Kasese,Karusandara,Kyalanga,Mubuku,Elephant,Crop raiding,Scare shooting
09/08/2021,QECA,Kasese,Karusandara,Kyalanga,Mubuku,Elephant,Crop raiding,Assessment carried out
10/08/2021,QECA,Kasese,Karusandara,Kyalanga,Mubuku,Elephant,Crop raiding,Scare shooting
27/05/2021,,Kasese,Karusandara,Kyondo,Mubuku,Elephant,Crop damages,scare shooting
July 2021,,Kasese,Muhokya,Kahendero,Muhokya,Elephant,Crop raiding,Scare shooting
22/11/2022,QECA,Kasese,Nyakatonzi,Muruti,Muruti,Elephant,Crop damages,scare Shooting
08/12/2021,QECA,Kasese,Nyakatonzi,Nyamugasani,Muruti,Elephant,Crop damages,Scare Shooting
March 2021,,Kasese,Karusandara,Kyalanga,Nyabigaga,Elephant,Crop raiding,Scare shooting
17/10/2022,QECA,Kasese,Karusandara,Kyondo,Nyabigaga,Elephant,Crop raiding,scare shooting
18/10/2022,QECA,Kasese,Karusandara,Kyondo,Nyabigaga,Elephant,Crop raiding,scare shooting
24/10/2022,QECA,Kasese,Karusandara,Kyondo,Nyabigaga,Elephant,Crop raiding,scare shooting
27/10/2022,QECA,Kasese,Karusandara,Kyondo,Nyabigaga,Elephant,Crop raiding,scare shooting
26/06/2021,QECA,Kasese,Nyakiyumbu,Kayanja,Nyakatonzi,Elephant,Crop raiding,Scare shooting
23/06/2021,QECA,Kasese,Nyakiyumbu,Busunga,Nyamate,Elephant,Crop raiding,Scare shooting
03/10/2022,QECA,Kasese,Munkunyu,Nyamatunga,Nyamatunga,Elephant,Crop raiding,local methods used
31/10/2022,QECA,Kasese,Munkunyu,Nyamatunga,Nyamatunga,Elephant,Crop raiding,scare shooting
02/11/2022,QECA,Kasese,Nyakatonzi,Bukangara,Nyamatunga,Elephant,Crop damages,scare Shooting
April 2021,,Kasese,Nyakatonzi,Nyakatonzi,Nyamatunga,Elephant,Crop damages,Scaring using local methods of vuvuzeras
January 2021,,Kasese,Nyakatonzi,Nyamugasani,Nyamatunga,Elephant,Crop damages,Scare shooting
January 2021,,Kasese,Nyakatonzi,Nyamugasani,Nyamatunga,Elephant,Crop damages,Scare shooting
January 2021,,Kasese,Nyakatonzi,Nyamugasani,Nyamatunga,Elephant,Crop damages,Scare shooting
January 2021,,Kasese,Nyakatonzi,Nyamugasani,Nyamatunga,Elephant,Crop damages,Assessment carried out
January 2021,,Kasese,Nyakatonzi,Nyamugasani,Nyamatunga,Elephant,Crop damages,Assessment carried out
January 2021,,Kasese,Nyakatonzi,Nyamugasani,Nyamatunga,Elephant,Crop damages,Scare shooting
January 2021,,Kasese,Nyakatonzi,Nyamugasani,Nyamatunga,Elephant,Crop damages,Scare shooting
January 2021,,Kasese,Nyakatonzi,Nyamugasani,Nyamatunga,Elephant,Crop damages,Scare shooting
06/10/2021,QECA,Kasese,Nyakatonzi,Bukangara,Nyamugasani,Elephant,Crop raiding,Scare shooting
20/08/2022,QECA,Kasese,Katwe-Kabatoro,Nyamugasani,Nyamugasani,Elephant,Human threatening,Scare shooting
23/10/2021,QECA,Kasese,Lake Katwe,Busunga,Nyamugasani,Elephant,Crop raiding,scare shooting
19/06/2022,QECA,Kasese,Lake Katwe,Busunga,Nyaruzigati,Elephant,Crop damages,Scare shooting
28/09/2021,QECA,Kasese,Lake Katwe,Kabirizi,Nyaruzigati,Elephant,Crop raiding,Scare shooting
11/10/2021,QECA,Kasese,Lake Katwe,Kabirizi,Nyaruzigati,Elephant,Crop raiding,Scare shooting
12/10/2021,QECA,Kasese,Lake Katwe,Kabirizi,Nyaruzigati,Elephant,Crop raiding,Scare shooting
20/06/2022,QECA,Kasese,Lake Katwe,Kikorongo,Nyaruzigati,Elephant,Crop damages,Local methods used
05/06/2022,QECA,Kasese,Lake Katwe,Busunga,Nzirambi,Elephant,Crop damages,Scare shooting
July 2021,,Kasese,Nyakiyumbu,Kayanja,Nzirambi,Elephant,Crop raiding,Scaring using local methods of drumming
July 2021,,Kasese,Nyakiyumbu,Kayanja,Nzirambi,Elephant,Crop raiding,Scare shooting
July 2021,,Kasese,Nyakiyumbu,Kayanja,Nzirambi,Elephant,Crop raiding,Scare shooting
July 2021,,Kasese,Nyakiyumbu,Kayanja,Nzirambi,Elephant,Crop raiding,Scare shooting
July 2021,,Kasese,Nyakiyumbu,Kayanja,Nzirambi,Elephant,Crop raiding,Scare shooting
February 2021,,Kasese,Karusandara,Karusandara,Omukibati,Elephant,Crop damages,Scare shooting
July 2021,,Kasese,Muhokya,Kahendero,Omurutokye,Elephant,Crop raiding,Scare shooting
18/03/2022,QECA,Kasese,Kasese Municipality,Railway Ward,Railway Ward,Elephant,Crop raiding,Scaring using local methods of drumming
22/04/2022,QECA,Kasese,Kasese Municipality,Kanyangeya,Railway Ward,Elephant,Crop damages,Scare shooting
17/02/2022,QECA,Kasese,Nyamwamba,Kanyangeya,Railway Ward,Elephant,Crop damages,Scare shootings
24/02/2022,QECA,Kasese,Nyamwamba,Kanyangeya,Railway Ward,Elephant,Crop damages,Scare shootings
09/06/2022,QECA,Kasese,Nyamwamba,Kanyangeya,Railway Ward,Elephant,Crop damages,Scare shooting
14/08/2022,QECA,Kasese,Nyamwamba,Kanyangeya,Railway Ward,Elephant,Crop damages,Scare shooting
January 2021,,Kasese,Lake Katwe,Hamukungu,Rubona,Elephant,Human death,Assessment carried out
12/06/2021,QECA,Kasese,Kasese Municipality,Nyamwamba,Rukoki,Elephant,Crop raiding,Scare shooting
16/06/2021,QECA,Kasese,Kasese Municipality,Nyamwamba,Rukoki,Elephant,Crop raiding,Scare shooting
17/06/2021,QECA,Kasese,Kasese Municipality,Nyamwamba,Rukoki,Elephant,Crop raiding,Scare shooting
15/12/2021,QECA,Kasese,Lake Katwe,Busunga,Rwamante,Elephant,Crop damages,Assesment done
13/12/2022,QECA,Kasese,Lake Katwe,Busunga,Rwamante,Elephant,Crop damages,scare shooting
14/12/2022,QECA,Kasese,Lake Katwe,Busunga,Rwamante,Elephant,Crop damages,scare shooting
21/12/2022,QECA,Kasese,Lake Katwe,Busunga,Rwamante,Elephant,Crop damages,scare shooting
26/12/2022,QECA,Kasese,Lake Katwe,Busunga,Rwamante,Elephant,Crop damages,scare shooting
April 2021,,Kasese,Kinyamaseke,Busunga,Rwamante,Elephant,Human injury,Taken to hospital
13/03/2022,QECA,Kasese,Lake Katwe,Busunga,Rwamante,Elephant,Crop raiding,Assessment carried out
25/10/2022,QECA,Kasese,Nyakiyumbu,Katholhu,Rwamante,Elephant,Crop raiding,scare shooting
March 2021,,Kasese,Karusandara,Kyalanga,Rwebigaga,Elephant,Crop raiding,Scare shooting
March 2021,,Kasese,Karusandara,Kyalanga,Rwebigaga,Elephant,Crop raiding,Scare shooting
08/12/2021,QECA,Kasese,Central Division,Kanyangeya,Rwebigogo,Elephant,Crop damages,Scare Shooting
11/12/2021,QECA,Kasese,Central Division,Kanyangeya,Rwebigogo,Elephant,Crop damages,Scare Shooting
February 2021,,Kasese,Karusandara,Karusandara,Rwebigogo,Elephant,Crop damages,Scare shooting
14/07/2022,QECA,Kasese,Kyondo,Kyondo,Rwebigogo,Elephant,Crop damages,Local methods used
20/12/2021,QECA,Kasese,Central Division,Kanyangeya,Rwebigogo and Kadeya,Elephant,Crop damages,Assesment done
January 2021,,Kasese,Nyakiyumbu,Katholhu,Rwehingo,Elephant,Crop damages,scare shooting
January 2021,,Kasese,Nyakiyumbu,Katholhu,Rwehingo,Elephant,Crop damages,scare shooting
July 2021,,Kasese,Nyakiyumbu,Kayanja,Rwehingo,Elephant,Crop raiding,Scare shooting
16/11/2021,QECA,Kasese,Nyakatonzi,Kitatura,Rwehingo,Elephant,Crop damages,Scare shooting
30/05/2021,,Kasese,Nyakiyumbu,Kitatura,Rwehingo,Elephant,Crop damages,scare shooting
02/06/2021,QECA,Kasese,Nyakiyumbu,Kitatura,Rwehingo,Elephant,Crop raiding,Scare shooting
05/06/2021,QECA,Kasese,Nyakiyumbu,Kitatura,Rwehingo,Elephant,Crop raiding,Scare shooting
16/10/2021,QECA,Kasese,Katholhu,Kitaturwa,Rwehingo,Elephant,Crop raiding,Scare shooting
17/10/2021,QECA,Kasese,Katholhu,Kitaturwa,Rwehingo,Elephant,Crop raiding,Scare shooting
19/10/2021,QECA,Kasese,Katholhu,Kitaturwa,Rwehingo,Elephant,Crop raiding,Scare shooting
20/10/2021,QECA,Kasese,Katholhu,Kitaturwa,Rwehingo,Elephant,Crop raiding,scare shooting
22/10/2021,QECA,Kasese,Katholhu,Kitaturwa,Rwehingo,Elephant,Crop raiding,Scare shooting
23/10/2021,QECA,Kasese,Katholhu,Kitaturwa,Rwehingo,Elephant,Crop raiding,Scare shooting
29/10/2021,QECA,Kasese,Katholhu,Kitaturwa,Rwehingo,Elephant,Crop raiding,Scare shooting
30/10/2021,QECA,Kasese,Katholhu,Kitaturwa,Rwehingo,Elephant,Crop raiding,Scare shooting
11/11/2021,QECA,Kasese,Nyakatonzi,Nyakatonzi,Rwehingo,Elephant,Crop damages,Scare shooting
12/11/2021,QECA,Kasese,Nyakatonzi,Nyakatonzi,Rwehingo,Elephant,Crop damages,Scare shooting
July 2021,,Kasese,Nyakiyumbu,Nyakatonzi,Rwehingo,Elephant,Human injury,Taken to bwera hospital hwere he passed on
28/11/2021,QECA,Kasese,Nyamugasani,Nyakatonzi,Rwehingo,Elephant,Crop damages,Scare shooting
29/11/2021,QECA,Kasese,Nyamugasani,Nyakatonzi,Rwehingo,Elephant,Crop damages,Scare shooting
21/12/2022,QECA,Kasese,Nyakatonzi,Rwehingo,Rwehingo,Elephant,Crop damages,scare shooting
21/12/2022,QECA,Kasese,Nyakatonzi,Rwehingo,Rwehingo,Elephant,Crop damages,scare shooting
22/12/2022,QECA,Kasese,Nyakatonzi,Rwehingo,Rwehingo,Elephant,Crop damages,local methods
24/12/2022,QECA,Kasese,Nyakatonzi,Rwehingo,Rwehingo,Elephant,Crop damages,scare shooting
26/12/2022,QECA,Kasese,Nyakatonzi,Rwehingo,Rwehingo,Elephant,Crop damages,scare shooting
26/12/2022,QECA,Kasese,Nyakatonzi,Rwehingo,Rwehingo,Elephant,Crop damages,Assessment carried out
05/12/2022,QECA,Kasese,Nyakiyumbu,Rwehingo,Rwehingo,Elephant,Crop damages,scare shooting
07/12/2022,QECA,Kasese,Nyakiyumbu,Rwehingo,Rwehingo,Elephant,Crop damages,scare shooting
10/12/2022,QECA,Kasese,Nyakiyumbu,Rwehingo,Rwehingo,Elephant,Crop damages,scare shooting
11/12/2022,QECA,Kasese,Nyakiyumbu,Rwehingo,Rwehingo,Elephant,Crop damages,scare shooting
14/12/2022,QECA,Kasese,Nyakiyumbu,Rwehingo,Rwehingo,Elephant,Crop damages,local methods
15/12/2022,QECA,Kasese,Nyakiyumbu,Rwehingo,Rwehingo,Elephant,Crop damages,scare shooting
17/12/2022,QECA,Kasese,Nyakiyumbu,Rwehingo,Rwehingo,Elephant,Crop damages,local methods
19/12/2022,QECA,Kasese,Nyakiyumbu,Rwehingo,Rwehingo,Elephant,Crop damages,scare shooting
March 2021,,Kasese,Karusandara,Kyalanga,Rwengari,Elephant,Crop raiding,Scare shooting
28/08/2021,QECA,Kasese,Lake Katwe,Kabirizi,rwentuha,Elephant,Crop raiding,Scaring using local methods of drumming
03/05/2022,QECA,Kasese,Nyakatonzi,Kamuruli,rwentuha,Elephant,Crop raiding,local methods used
January 2021,,Kasese,Nyakiyumbu,Rwehingo,Rwentuha,Elephant,Crop damages,Scare shooting
January 2021,,Kasese,Nyakiyumbu,Rwehingo,Rwentuha,Elephant,Crop damages,Scare shooting
January 2021,,Kasese,Nyakiyumbu,Rwehingo,Rwentuha,Elephant,Crop damages,Scare shooting
January 2021,,Kasese,Nyakiyumbu,Rwehingo,Rwentuha,Elephant,Crop damages,Scare shooting
January 2021,,Kasese,Nyakiyumbu,Rwehingo,Rwentuha and Katholu,Elephant,Crop damages,Scare shooting
January 2021,,Kasese,Nyakiyumbu,Rwehingo,Rwentuha and Katholu,Elephant,Crop damages,Scare shooting
06/09/2021,QECA,Kasese,Lake Katwe,Kabirizi,Rwentutu,Elephant,Crop raiding,Scare shooting
08/09/2021,QECA,Kasese,Lake Katwe,Kabirizi,Rwentutu,Elephant,Crop raiding,Scaring using local methods of drumming
11/09/2021,QECA,Kasese,Lake Katwe,Kabirizi,Rwentutu,Elephant,Crop raiding,Scare shooting
18/09/2021,QECA,Kasese,Lake Katwe,Kabirizi,Rwentutu,Elephant,Crop raiding,Scare shooting
25/09/2021,QECA,Kasese,Lake Katwe,Kabirizi,Rwentutu,Elephant,Crop raiding,Scare shooting
27/09/2021,QECA,Kasese,Lake Katwe,Kabirizi,Rwentutu,Elephant,Crop raiding,Scare shooting
02/10/2021,QECA,Kasese,Lake Katwe,Kabirizi,Rwentutu,Elephant,Crop raiding,Scare shooting
01/12/2021,QECA,Kasese,Lake Katwe,Kikorongo,Ryemibusa,Elephant,Crop damages,Scare Shooting
02/12/2021,QECA,Kasese,Lake Katwe,Kikorongo,Ryemibusa,Elephant,Crop damages,Scare Shooting
07/09/2021,QECA,Kasese,Kasese Municipality,Nyamwamba,Salute B,Elephant,Crop raiding,Scare shooting
15/11/2022,QECA,Kasese,Nyamwamba,Kanyangeya,Salute B,Elephant,Crop damages,scare Shooting
17/11/2022,QECA,Kasese,Nyamwamba,Kanyangeya,Salute B,Elephant,Crop damages,scare Shooting
20/11/2022,QECA,Kasese,Nyamwamba,Kanyangeya,Salute B,Elephant,Crop damages,scare Shooting
22/11/2022,QECA,Kasese,Nyamwamba,Kanyangeya,Salute B,Elephant,Crop damages,scare Shooting
28/11/2022,QECA,Kasese,Nyamwamba,Kanyangeya,Salute B,Elephant,Crop damages,scare Shooting
21/01/2022,QECA,Kasese,Nyamwamba,Kanyangeya,Salute B,Elephant,Crop damages,Scareshooting
26/06/2021,QECA,Kasese,Karusandara,Kyalanga,Tweyambe,Elephant,Crop raiding,Scaring using local methods of drumming
April 2021,,Kasese,Karusandara,Kyondo,Tweyambe,Elephant,Crop damages,scare shooting
12/02/2022,QECA,Kasese,Kisinga,Kyarumba,Kyalanga,Giant forest hog,Crop damages,Assessment carried out
March 2021,,Kasese,Katwe-Kabatoro,Hamukungu,Hamukungu,Hippopotamus,House damage,Assessment carried out
27/02/2022,QECA,Kasese,Lake Katwe,Hamukungu,Hamukungu,Hippopotamus,Human threats,Scaring using local methods of drumming
15/08/2022,QECA,Kasese,Lake Katwe,Hamukungu,Hamukungu,Hippopotamus,Kemale Jane aged 36 was injured and evacuated to Kilembe Mines Hospital for treatment,Assessment carried out
05/05/2022,QECA,Kasese,Lake Katwe,Hamukungu,Hamukungu,Hippopotamus,human death,Assessment carried out
17/12/2021,QECA,Kasese,Central Division,Kanyangeya,Kanyangeya,Hippopotamus,Human injuryof Dominic Rocky,Assesment done
05/06/2021,QECA,Kasese,Kasese Municipality,Nyamwamba,Kanyangeya,Hippopotamus,Crop raiding,Assessment carried out
January 2021,,Kasese,Central Division,Kanyangeya,Kanyangeya,Hippopotamus,Crop damages and Human injury,Assessment carried out
January 2021,,Kasese,Central Division,Kanyangeya,Kanyangeya,Hippopotamus,Crop damages and Human injury,Assessment carried out
February 2021,,Kasese,Nyamwamba,Kanyangeya,Kanyangeya,Hippopotamus,Human threat,Scare shooting
January 2021,,Kasese,Lake Katwe,Katunguru,Kasenyi,Hippopotamus,Human injury,Assessment carried out
March 2021,,Kasese,Lake Katwe,Kasenyi,Kasenyi,Hippopotamus,Human injury,Taken to hospital
02/10/2021,QECA,Kasese,Lake Katwe,Kasenyi,Kasenyi,Hippopotamus,1 cow killed for Mr Bisasira Aggry,Assessment carried out
24/05/2022,QECA,Kasese,Lake Katwe,Katwe-Kabatoro,Kashaka,Hippopotamus,human threat,local methods used
March 2021,,Kasese,Lake Katwe,Katwe-Kabatoro,Katwe-Kabatoro,Hippopotamus,Human Threat,Captured
04/12/2021,QECA,Kasese,Central Division,Kanyangeya,Kidodo,Hippopotamus,Crop damages,Assesment done
05/12/2021,QECA,Kasese,Central Division,Kanyangeya,Kidodo,Hippopotamus,Crop damages,Assesment done
07/12/2021,QECA,Kasese,Central Division,Kanyangeya,Kidodo,Hippopotamus,Crop damages,Scare Shooting
February 2021,,Kasese,Katwe-Kabatoro,Top Hill,Kyarukara,Hippopotamus,Human death,
25/11/2022,QECA,Kasese,Kilembe,Kabirizi,Mahango,Hippopotamus,Human injury,Taken to hospital.
20/12/2022,QECA,Kasese,Mubuku,Mubuku,Mubuku,Hippopotamus,Crop damages,Assessment carried out
04/05/2021,,Kasese,Lake Katwe,Kasenyi,Mwaro,Hippopotamus,human death,Taken to hospital
05/12/2022,QECA,Kasese,Katwe-Kabatoro,Rwenjubu,Rwenjubu,Hippopotamus,Human injury,Taken to hospital
March 2021,,Kasese,Lake Katwe,Katwe-Kabatoro,Katwe-Kabatoro,Hippopotamus,Predation,Assessment carried out
27/11/2022,QECA,Kasese,Lake Katwe,Hamukungu,Hamukungu,Hyena,livestock Predation,Assessment carried out
04/11/2021,QECA,Kasese,Lake Katwe,Busunga,Kanyampara,Hyena,Predation,Assessment carried out
21/04/2022,QECA,Kasese,Lake Katwe,Kasenyi,Kasenyi,Hyena,Predation,Assessment carried out
8/7/2022,QECA,Kasese,Lake Katwe,Kasenyi,Kasenyi,Hyena,Predation,Assessment carried out
20/06/2021,QECA,Kasese,Katwe-Kabatoro,Katwe-Kabatoro,Kasenyi,Hyena,predation,Assessment carried out
04/12/2021,QECA,Kasese,Lake Katwe,Kanyampara,Kempara,Hyena,Predationof a 1 calf of Mrs Biira Hallen Bwambale,Assesment done
23/12/2021,QECA,Kasese,Kagando,Kagando,Kisanga,Hyena,Predationof 1 Pig,Assesment done
04/03/2022,QECA,Kasese,Katwe-Kabatoro,Kyarukara,Nyamugasani,Hyena,Predation,Assessment carried out
20/05/2022,QECA,Kasese,Lake Katwe,Busunga,Busunga,Leopard,Predation,Assessment carried out
17/12/2021,QECA,Kasese,Lake Katwe,Hamukungu,Hamukungu,Leopard,Predationof 1 goat,Assesment done
01/02/2022,QECA,Kasese,Lake Katwe,Hamukungu,Hamukungu,Leopard,Predation,Compansetion & Assessment carried out
11/02/2022,QECA,Kasese,Lake Katwe,Hamukungu,Hamukungu,Leopard,Predation,Assessment carried out
25/04/2022,QECA,Kasese,Lake Katwe,Hamukungu,Hamukungu,Leopard,Predation,Compansionate
14/09/2022,QECA,Kasese,Lake Katwe,Hamukungu,Hamukungu,Leopard,Predation,Assessment carried out
February 2021,,Kasese,Lake Katwe,Hamukungu,Hamukungu,Leopard,Predation,Assessment carried out
03/03/2022,QECA,Kasese,Lake Katwe,Hamukungu,Hamukungu,Leopard,Predation,Compasation
17/03/2022,QECA,Kasese,Lake Katwe,Hamukungu,Hamukungu,Leopard,Predation,Assessment carried out
07/05/2022,QECA,Kasese,Lake Katwe,Hamukungu,Hamukungu,Leopard,Predation,Compassionate
14/05/2021,,Kasese,Lake Katwe,Katwe-Kabatoro,Katwe-Kabatoro,Leopard,Predation,Carcasses taken by owner
28/08/2022,QECA,Kasese,Lake Katwe,Kasenyi,Kasenyi,Leopard,Predation,Assessment carried out
April 2021,,Kasese,Lake Katwe,Omukigabo,Kasenyi,Leopard,Predation,Assessment carried out
12/05/2021,,Kasese,Lake Katwe,Kasenyi,Kasenyi,Leopard,Human injury,Assessment carried out
29/09/2021,QECA,Kasese,Lake Katwe,Kasenyi,Kasenyi,Leopard,1 goat killed for Mr Babiha Deo,Assessment carried out
March 2021,,Kasese,Kasese Municipality,Railway Ward,Kikonjo,Leopard,Predation,Assessment carried out
April 2021,,Kasese,Kilembe,Kilembe,Kilembe,Leopard,Predation,
March 2021,,Kasese,Lake Katwe,Hamukungu,Hamukungu,Lion,Predation,Sensitisation meeting
14/09/2022,QECA,Kasese,Lake Katwe,Hamukungu,Hamukungu,Lion,Predation,Assessment carried out
2/7/2022,QECA,Kasese,Lake Katwe,Hamukungu,Khamukungu,Lion,Human threat,Translocated
13/03/2022,QECA,Kasese,Katwe-Kabatoro,Nyamugasani,Nyamugasani,Lion,predation,Assessment carried out
07/10/2022,QECA,Kasese,Muhokya,Hamukungu,Hamukungu,Spitting cobra,human threat,Translocated
April 2021,,Kasese,Lake Katwe,Kikorongo,Kikorongo,Spitting cobra,Predation,Captured
31/07/2022,QECA,Kasese,Muhokya,Muhokya,Little Elephant Camp,Spitting cobra,Human threat,Translocated
29/06/2021,QECA,Kasese,Katunguru,Katunguru,Katunguru,Tortoise,,Rescued
26/10/2021,QECA,Kasese,Karusandara,Kyalanga,Kabaka,,,meetting with bee keepers
April 2021,,Kasese,Nyamwamba,Kasese Municipality,Kanyangeya,,Crop damages,Sensitisation meeting